codigo_campo,campana,fecha,tipo_riego,volumen_m3,horas_riego,cumplimiento_pct
C-1001,2023-2024,2023-04-24,goteo,71.0,0.7,76.5
C-1001,2023-2024,2023-05-01,goteo,75.3,0.6,81.1
C-1001,2023-2024,2023-05-08,goteo,98.2,0.9,67.9
C-1001,2023-2024,2023-05-15,goteo,87.5,0.7,89.6
C-1001,2023-2024,2023-05-22,goteo,104.0,0.9,81.5
C-1001,2023-2024,2023-05-29,goteo,91.1,1.0,98.1
C-1001,2023-2024,2023-06-05,goteo,88.3,0.8,81.7
C-1001,2023-2024,2023-06-12,goteo,93.9,0.9,88.1
C-1001,2023-2024,2023-06-19,goteo,86.7,0.9,79.4
C-1001,2023-2024,2023-06-26,goteo,81.9,0.9,89.3
C-1001,2023-2024,2023-07-03,goteo,96.3,0.9,85.3
C-1001,2023-2024,2023-07-10,goteo,102.3,0.9,79.7
C-1001,2023-2024,2023-07-17,goteo,86.2,0.8,86.4
C-1001,2023-2024,2023-07-24,goteo,100.4,0.8,93.0
C-1001,2023-2024,2023-07-31,goteo,90.7,0.7,84.6
C-1001,2023-2024,2023-08-07,goteo,58.6,0.5,82.6
C-1001,2023-2024,2023-08-14,goteo,85.1,0.8,73.5
C-1001,2023-2024,2023-08-21,goteo,68.0,0.6,79.9
C-1001,2023-2024,2023-08-28,goteo,89.2,0.7,88.5
C-1001,2023-2024,2023-09-04,goteo,66.0,0.5,86.7
C-1001,2023-2024,2023-09-11,goteo,77.8,0.6,91.9
C-1001,2023-2024,2023-09-18,goteo,85.4,1.0,88.1
C-1001,2023-2024,2023-09-25,goteo,90.4,1.0,84.8
C-1001,2023-2024,2023-10-02,goteo,86.2,0.9,83.1
C-1001,2023-2024,2023-10-09,goteo,90.3,1.1,85.3
C-1001,2023-2024,2023-10-16,goteo,94.1,0.8,75.9
C-1001,2023-2024,2023-10-23,goteo,65.1,0.5,80.9
C-1001,2023-2024,2023-10-30,goteo,93.1,0.7,87.9
C-1001,2023-2024,2023-11-06,goteo,97.4,0.7,85.7
C-1001,2023-2024,2023-11-13,goteo,100.7,0.9,79.6
C-1001,2023-2024,2023-11-20,goteo,76.2,0.6,79.2
C-1001,2023-2024,2023-11-27,goteo,79.2,0.6,100.0
C-1001,2023-2024,2023-12-04,goteo,66.4,0.8,78.0
C-1001,2023-2024,2023-12-11,goteo,89.7,0.7,71.6
C-1001,2023-2024,2023-12-18,goteo,95.4,1.1,82.0
C-1001,2023-2024,2023-12-25,goteo,70.3,0.7,89.7
C-1001,2023-2024,2024-01-01,goteo,81.3,0.7,89.2
C-1001,2023-2024,2024-01-08,goteo,100.3,1.0,74.5
C-1001,2023-2024,2024-01-15,goteo,97.1,0.8,95.2
C-1001,2023-2024,2024-01-22,goteo,88.5,0.8,89.1
C-1001,2023-2024,2024-01-29,goteo,108.2,1.2,86.8
C-1001,2023-2024,2024-02-05,goteo,85.7,0.9,79.5
C-1001,2023-2024,2024-02-12,goteo,87.9,0.7,88.8
C-1001,2023-2024,2024-02-19,goteo,73.2,0.8,69.7
C-1001,2023-2024,2024-02-26,goteo,69.7,0.8,83.9
C-1001,2023-2024,2024-03-04,goteo,108.0,1.2,78.6
C-1001,2023-2024,2024-03-11,goteo,88.1,0.7,84.0
C-1001,2023-2024,2024-03-18,goteo,86.0,0.9,83.6
C-1002,2023-2024,2023-04-05,goteo,103.7,0.9,100.0
C-1002,2023-2024,2023-04-12,goteo,129.3,1.0,90.4
C-1002,2023-2024,2023-04-19,goteo,136.0,1.2,88.3
C-1002,2023-2024,2023-04-26,goteo,110.5,1.1,82.9
C-1002,2023-2024,2023-05-03,goteo,137.6,1.1,92.6
C-1002,2023-2024,2023-05-10,goteo,119.7,1.2,87.2
C-1002,2023-2024,2023-05-17,goteo,142.7,1.1,87.0
C-1002,2023-2024,2023-05-24,goteo,87.7,0.7,100.0
C-1002,2023-2024,2023-05-31,goteo,141.9,1.2,77.7
C-1002,2023-2024,2023-06-07,goteo,69.5,0.5,100.0
C-1002,2023-2024,2023-06-14,goteo,133.3,1.4,93.4
C-1002,2023-2024,2023-06-21,goteo,95.8,0.9,90.5
C-1002,2023-2024,2023-06-28,goteo,123.5,1.3,92.4
C-1002,2023-2024,2023-07-05,goteo,137.6,1.5,96.9
C-1002,2023-2024,2023-07-12,goteo,155.7,1.4,82.6
C-1002,2023-2024,2023-07-19,goteo,150.2,1.7,100.0
C-1002,2023-2024,2023-07-26,goteo,116.8,1.4,90.7
C-1002,2023-2024,2023-08-02,goteo,129.9,1.2,86.8
C-1002,2023-2024,2023-08-09,goteo,107.4,0.8,93.3
C-1002,2023-2024,2023-08-16,goteo,95.7,1.0,85.4
C-1002,2023-2024,2023-08-23,goteo,146.6,1.3,83.4
C-1002,2023-2024,2023-08-30,goteo,93.5,0.7,91.7
C-1002,2023-2024,2023-09-06,goteo,121.7,1.0,88.4
C-1002,2023-2024,2023-09-13,goteo,128.9,1.3,95.3
C-1002,2023-2024,2023-09-20,goteo,137.5,1.1,94.1
C-1002,2023-2024,2023-09-27,goteo,130.7,1.0,89.0
C-1002,2023-2024,2023-10-04,goteo,119.3,1.0,81.4
C-1002,2023-2024,2023-10-11,goteo,101.7,0.9,85.6
C-1002,2023-2024,2023-10-18,goteo,108.4,1.0,92.3
C-1002,2023-2024,2023-10-25,goteo,126.1,1.4,96.9
C-1002,2023-2024,2023-11-01,goteo,139.0,1.7,84.5
C-1002,2023-2024,2023-11-08,goteo,135.4,1.4,78.1
C-1002,2023-2024,2023-11-15,goteo,123.8,1.3,82.5
C-1002,2023-2024,2023-11-22,goteo,128.7,0.9,100.0
C-1002,2023-2024,2023-11-29,goteo,148.5,1.2,92.6
C-1002,2023-2024,2023-12-06,goteo,79.9,0.6,87.3
C-1002,2023-2024,2023-12-13,goteo,105.0,1.2,100.0
C-1002,2023-2024,2023-12-20,goteo,103.0,0.9,91.6
C-1002,2023-2024,2023-12-27,goteo,155.3,1.1,91.7
C-1002,2023-2024,2024-01-03,goteo,159.3,1.3,86.3
C-1002,2023-2024,2024-01-10,goteo,94.1,1.1,86.3
C-1002,2023-2024,2024-01-17,goteo,115.3,0.8,91.6
C-1002,2023-2024,2024-01-24,goteo,91.8,0.9,85.1
C-1002,2023-2024,2024-01-31,goteo,149.0,1.3,84.6
C-1002,2023-2024,2024-02-07,goteo,135.3,1.0,93.3
C-1002,2023-2024,2024-02-14,goteo,93.5,1.1,81.4
C-1002,2023-2024,2024-02-21,goteo,129.5,1.1,93.2
C-1002,2023-2024,2024-02-28,goteo,110.0,0.9,95.4
C-1002,2023-2024,2024-03-06,goteo,129.6,1.4,100.0
C-1002,2023-2024,2024-03-13,goteo,116.8,1.5,91.8
C-1002,2023-2024,2024-03-20,goteo,113.5,1.4,85.4
C-1002,2023-2024,2024-03-27,goteo,117.4,1.0,81.4
C-1002,2023-2024,2024-04-03,goteo,79.8,0.8,100.0
C-1002,2023-2024,2024-04-10,goteo,117.5,1.0,87.2
C-1002,2023-2024,2024-04-17,goteo,119.7,0.9,80.8
C-1002,2023-2024,2024-04-24,goteo,136.0,1.4,77.7
C-1003,2023-2024,2023-03-18,aspersión,146.3,1.5,80.8
C-1003,2023-2024,2023-03-25,aspersión,109.5,1.0,69.6
C-1003,2023-2024,2023-04-01,aspersión,114.6,0.8,98.2
C-1003,2023-2024,2023-04-08,aspersión,109.0,1.1,74.6
C-1003,2023-2024,2023-04-15,aspersión,121.7,1.5,76.5
C-1003,2023-2024,2023-04-22,aspersión,114.9,1.1,80.9
C-1003,2023-2024,2023-04-29,aspersión,83.5,0.7,76.2
C-1003,2023-2024,2023-05-06,aspersión,106.1,0.8,69.8
C-1003,2023-2024,2023-05-13,aspersión,84.8,0.6,79.3
C-1003,2023-2024,2023-05-20,aspersión,68.8,0.6,85.6
C-1003,2023-2024,2023-05-27,aspersión,99.9,1.1,90.1
C-1003,2023-2024,2023-06-03,aspersión,117.7,0.9,86.5
C-1003,2023-2024,2023-06-10,aspersión,118.9,0.9,82.1
C-1003,2023-2024,2023-06-17,aspersión,125.6,1.2,93.5
C-1003,2023-2024,2023-06-24,aspersión,103.1,0.8,79.4
C-1003,2023-2024,2023-07-01,aspersión,104.6,1.1,89.8
C-1003,2023-2024,2023-07-08,aspersión,137.0,1.1,80.1
C-1003,2023-2024,2023-07-15,aspersión,117.1,1.1,91.1
C-1003,2023-2024,2023-07-22,aspersión,74.1,0.9,77.2
C-1003,2023-2024,2023-07-29,aspersión,72.9,0.9,76.1
C-1003,2023-2024,2023-08-05,aspersión,108.5,1.1,81.5
C-1003,2023-2024,2023-08-12,aspersión,94.6,0.9,91.8
C-1003,2023-2024,2023-08-19,aspersión,95.5,1.0,87.9
C-1003,2023-2024,2023-08-26,aspersión,108.2,1.0,83.3
C-1003,2023-2024,2023-09-02,aspersión,123.6,0.9,83.4
C-1003,2023-2024,2023-09-09,aspersión,108.3,1.0,70.9
C-1003,2023-2024,2023-09-16,aspersión,123.4,1.0,75.3
C-1003,2023-2024,2023-09-23,aspersión,110.3,1.1,65.2
C-1003,2023-2024,2023-09-30,aspersión,86.8,0.7,95.1
C-1003,2023-2024,2023-10-07,aspersión,116.6,0.9,74.3
C-1003,2023-2024,2023-10-14,aspersión,93.1,0.8,83.9
C-1003,2023-2024,2023-10-21,aspersión,121.1,1.4,85.7
C-1003,2023-2024,2023-10-28,aspersión,114.5,1.3,89.9
C-1003,2023-2024,2023-11-04,aspersión,84.7,0.7,91.5
C-1003,2023-2024,2023-11-11,aspersión,131.8,1.1,68.6
C-1003,2023-2024,2023-11-18,aspersión,113.5,0.9,97.8
C-1003,2023-2024,2023-11-25,aspersión,120.5,1.0,76.3
C-1003,2023-2024,2023-12-02,aspersión,112.1,0.8,75.3
C-1003,2023-2024,2023-12-09,aspersión,146.3,1.1,92.5
C-1003,2023-2024,2023-12-16,aspersión,96.4,1.0,88.6
C-1003,2023-2024,2023-12-23,aspersión,119.3,1.3,88.5
C-1003,2023-2024,2023-12-30,aspersión,124.3,1.5,86.2
C-1003,2023-2024,2024-01-06,aspersión,81.9,1.0,79.0
C-1003,2023-2024,2024-01-13,aspersión,90.4,0.7,97.3
C-1003,2023-2024,2024-01-20,aspersión,134.7,1.0,94.3
C-1003,2023-2024,2024-01-27,aspersión,112.1,1.3,74.7
C-1003,2023-2024,2024-02-03,aspersión,118.5,1.1,73.0
C-1003,2023-2024,2024-02-10,aspersión,111.0,1.4,97.8
C-1004,2023-2024,2023-04-15,goteo,149.7,1.1,81.3
C-1004,2023-2024,2023-04-22,goteo,144.9,1.2,79.7
C-1004,2023-2024,2023-04-29,goteo,132.7,1.1,85.0
C-1004,2023-2024,2023-05-06,goteo,158.2,1.2,80.0
C-1004,2023-2024,2023-05-13,goteo,171.7,1.8,89.1
C-1004,2023-2024,2023-05-20,goteo,150.3,1.3,72.3
C-1004,2023-2024,2023-05-27,goteo,157.1,1.3,91.2
C-1004,2023-2024,2023-06-03,goteo,174.1,1.4,71.0
C-1004,2023-2024,2023-06-10,goteo,142.3,1.3,79.3
C-1004,2023-2024,2023-06-17,goteo,136.5,1.2,76.9
C-1004,2023-2024,2023-06-24,goteo,135.3,1.0,77.7
C-1004,2023-2024,2023-07-01,goteo,154.9,1.7,71.8
C-1004,2023-2024,2023-07-08,goteo,138.6,1.5,71.6
C-1004,2023-2024,2023-07-15,goteo,102.0,0.8,81.2
C-1004,2023-2024,2023-07-22,goteo,150.1,1.4,90.6
C-1004,2023-2024,2023-07-29,goteo,89.5,0.7,93.4
C-1004,2023-2024,2023-08-05,goteo,124.1,0.9,74.9
C-1004,2023-2024,2023-08-12,goteo,129.4,1.5,92.4
C-1004,2023-2024,2023-08-19,goteo,190.6,2.3,96.2
C-1004,2023-2024,2023-08-26,goteo,150.2,1.2,80.2
C-1004,2023-2024,2023-09-02,goteo,152.3,1.5,100.0
C-1004,2023-2024,2023-09-09,goteo,168.5,1.6,88.7
C-1004,2023-2024,2023-09-16,goteo,141.3,1.3,88.2
C-1004,2023-2024,2023-09-23,goteo,150.1,1.4,81.0
C-1004,2023-2024,2023-09-30,goteo,156.9,1.3,65.4
C-1004,2023-2024,2023-10-07,goteo,164.3,1.7,69.4
C-1004,2023-2024,2023-10-14,goteo,148.1,1.1,75.4
C-1004,2023-2024,2023-10-21,goteo,168.0,1.8,77.7
C-1004,2023-2024,2023-10-28,goteo,136.3,1.4,83.2
C-1004,2023-2024,2023-11-04,goteo,126.8,0.9,81.4
C-1004,2023-2024,2023-11-11,goteo,107.0,1.2,80.8
C-1004,2023-2024,2023-11-18,goteo,144.5,1.1,80.7
C-1004,2023-2024,2023-11-25,goteo,154.5,1.1,72.0
C-1004,2023-2024,2023-12-02,goteo,123.1,1.5,83.2
C-1004,2023-2024,2023-12-09,goteo,177.3,1.6,60.9
C-1004,2023-2024,2023-12-16,goteo,111.2,1.0,76.5
C-1004,2023-2024,2023-12-23,goteo,140.3,1.5,78.4
C-1004,2023-2024,2023-12-30,goteo,172.9,1.5,74.0
C-1004,2023-2024,2024-01-06,goteo,160.1,1.6,84.1
C-1004,2023-2024,2024-01-13,goteo,151.7,1.2,93.6
C-1004,2023-2024,2024-01-20,goteo,135.5,1.6,79.1
C-1004,2023-2024,2024-01-27,goteo,120.8,1.3,72.3
C-1004,2023-2024,2024-02-03,goteo,132.6,1.3,85.4
C-1004,2023-2024,2024-02-10,goteo,135.5,1.1,90.2
C-1004,2023-2024,2024-02-17,goteo,181.6,1.6,91.8
C-1004,2023-2024,2024-02-24,goteo,107.3,1.2,74.0
C-1004,2023-2024,2024-03-02,goteo,152.1,1.2,79.6
C-1004,2023-2024,2024-03-09,goteo,191.6,1.7,84.2
C-1005,2023-2024,2023-04-04,gravedad,88.9,1.0,96.0
C-1005,2023-2024,2023-04-11,gravedad,103.3,0.8,94.9
C-1005,2023-2024,2023-04-18,gravedad,95.7,1.0,91.7
C-1005,2023-2024,2023-04-25,gravedad,100.3,1.2,94.1
C-1005,2023-2024,2023-05-02,gravedad,99.6,0.9,100.0
C-1005,2023-2024,2023-05-09,gravedad,91.7,0.8,95.1
C-1005,2023-2024,2023-05-16,gravedad,49.3,0.4,63.2
C-1005,2023-2024,2023-05-23,gravedad,65.2,0.7,96.3
C-1005,2023-2024,2023-05-30,gravedad,72.6,0.9,100.0
C-1005,2023-2024,2023-06-06,gravedad,81.5,0.7,92.4
C-1005,2023-2024,2023-06-13,gravedad,93.3,1.0,93.5
C-1005,2023-2024,2023-06-20,gravedad,74.7,0.6,92.1
C-1005,2023-2024,2023-06-27,gravedad,69.9,0.7,86.5
C-1005,2023-2024,2023-07-04,gravedad,100.1,1.1,90.2
C-1005,2023-2024,2023-07-11,gravedad,86.5,0.8,97.4
C-1005,2023-2024,2023-07-18,gravedad,74.7,0.6,100.0
C-1005,2023-2024,2023-07-25,gravedad,82.5,0.7,96.0
C-1005,2023-2024,2023-08-01,gravedad,94.0,0.9,94.3
C-1005,2023-2024,2023-08-08,gravedad,97.6,0.7,97.5
C-1005,2023-2024,2023-08-15,gravedad,69.4,0.5,90.0
C-1005,2023-2024,2023-08-22,gravedad,81.6,0.8,100.0
C-1005,2023-2024,2023-08-29,gravedad,111.6,0.9,91.6
C-1005,2023-2024,2023-09-05,gravedad,92.6,0.8,93.4
C-1005,2023-2024,2023-09-12,gravedad,89.7,0.9,92.0
C-1005,2023-2024,2023-09-19,gravedad,78.3,0.7,97.5
C-1005,2023-2024,2023-09-26,gravedad,88.0,1.0,97.8
C-1005,2023-2024,2023-10-03,gravedad,83.0,0.7,95.5
C-1005,2023-2024,2023-10-10,gravedad,71.6,0.8,88.4
C-1005,2023-2024,2023-10-17,gravedad,66.1,0.7,84.3
C-1005,2023-2024,2023-10-24,gravedad,88.6,0.9,89.7
C-1005,2023-2024,2023-10-31,gravedad,96.1,0.8,95.0
C-1005,2023-2024,2023-11-07,gravedad,93.3,0.8,75.6
C-1005,2023-2024,2023-11-14,gravedad,83.1,0.7,92.7
C-1005,2023-2024,2023-11-21,gravedad,87.9,0.9,100.0
C-1005,2023-2024,2023-11-28,gravedad,90.6,0.7,96.3
C-1005,2023-2024,2023-12-05,gravedad,81.0,0.6,100.0
C-1005,2023-2024,2023-12-12,gravedad,80.6,0.6,97.9
C-1005,2023-2024,2023-12-19,gravedad,75.3,0.7,98.0
C-1005,2023-2024,2023-12-26,gravedad,89.3,0.9,85.6
C-1005,2023-2024,2024-01-02,gravedad,80.8,0.6,84.8
C-1005,2023-2024,2024-01-09,gravedad,93.7,0.8,90.8
C-1005,2023-2024,2024-01-16,gravedad,89.4,0.8,81.4
C-1005,2023-2024,2024-01-23,gravedad,107.3,0.9,95.7
C-1005,2023-2024,2024-01-30,gravedad,89.5,0.8,91.2
C-1005,2023-2024,2024-02-06,gravedad,107.1,0.8,100.0
C-1005,2023-2024,2024-02-13,gravedad,79.4,1.0,83.9
C-1005,2023-2024,2024-02-20,gravedad,93.9,0.7,91.8
C-1005,2023-2024,2024-02-27,gravedad,85.3,1.0,90.6
C-1005,2023-2024,2024-03-05,gravedad,66.9,0.7,94.2
C-1005,2023-2024,2024-03-12,gravedad,105.3,0.9,87.7
C-1005,2023-2024,2024-03-19,gravedad,106.9,1.3,91.2
C-1005,2023-2024,2024-03-26,gravedad,93.6,1.0,93.3
C-1005,2023-2024,2024-04-02,gravedad,82.5,1.0,80.1
C-1005,2023-2024,2024-04-09,gravedad,96.5,0.9,87.7
C-1006,2023-2024,2023-05-25,goteo,162.4,1.4,86.5
C-1006,2023-2024,2023-06-01,goteo,171.8,2.0,95.7
C-1006,2023-2024,2023-06-08,goteo,166.3,1.7,100.0
C-1006,2023-2024,2023-06-15,goteo,158.4,1.9,95.9
C-1006,2023-2024,2023-06-22,goteo,121.2,1.0,80.9
C-1006,2023-2024,2023-06-29,goteo,127.8,1.2,98.5
C-1006,2023-2024,2023-07-06,goteo,177.4,1.4,82.6
C-1006,2023-2024,2023-07-13,goteo,139.8,1.6,92.4
C-1006,2023-2024,2023-07-20,goteo,169.7,1.9,94.6
C-1006,2023-2024,2023-07-27,goteo,123.6,1.5,91.8
C-1006,2023-2024,2023-08-03,goteo,128.8,1.0,90.3
C-1006,2023-2024,2023-08-10,goteo,139.2,1.1,91.0
C-1006,2023-2024,2023-08-17,goteo,139.8,1.1,84.6
C-1006,2023-2024,2023-08-24,goteo,139.3,1.1,100.0
C-1006,2023-2024,2023-08-31,goteo,141.5,1.1,92.3
C-1006,2023-2024,2023-09-07,goteo,145.9,1.3,91.8
C-1006,2023-2024,2023-09-14,goteo,182.5,1.8,75.8
C-1006,2023-2024,2023-09-21,goteo,133.3,1.1,97.3
C-1006,2023-2024,2023-09-28,goteo,155.4,1.7,99.9
C-1006,2023-2024,2023-10-05,goteo,167.5,1.6,99.5
C-1006,2023-2024,2023-10-12,goteo,151.0,1.3,97.4
C-1006,2023-2024,2023-10-19,goteo,147.5,1.1,100.0
C-1006,2023-2024,2023-10-26,goteo,91.7,1.0,82.3
C-1006,2023-2024,2023-11-02,goteo,137.2,1.4,79.7
C-1006,2023-2024,2023-11-09,goteo,123.6,1.1,100.0
C-1006,2023-2024,2023-11-16,goteo,184.3,2.3,88.9
C-1006,2023-2024,2023-11-23,goteo,120.1,1.1,90.9
C-1006,2023-2024,2023-11-30,goteo,123.4,1.0,79.0
C-1006,2023-2024,2023-12-07,goteo,128.5,1.2,94.7
C-1006,2023-2024,2023-12-14,goteo,154.2,1.6,98.6
C-1006,2023-2024,2023-12-21,goteo,127.7,1.5,91.7
C-1006,2023-2024,2023-12-28,goteo,115.1,0.9,94.7
C-1006,2023-2024,2024-01-04,goteo,158.4,1.2,100.0
C-1006,2023-2024,2024-01-11,goteo,167.0,1.2,97.8
C-1006,2023-2024,2024-01-18,goteo,187.2,1.6,82.0
C-1006,2023-2024,2024-01-25,goteo,124.9,1.3,83.3
C-1006,2023-2024,2024-02-01,goteo,116.3,1.1,95.2
C-1006,2023-2024,2024-02-08,goteo,142.8,1.1,86.4
C-1006,2023-2024,2024-02-15,goteo,129.6,1.6,100.0
C-1006,2023-2024,2024-02-22,goteo,151.5,1.3,87.9
C-1006,2023-2024,2024-02-29,goteo,141.0,1.0,70.6
C-1006,2023-2024,2024-03-07,goteo,115.1,1.3,73.8
C-1006,2023-2024,2024-03-14,goteo,119.1,0.9,91.4
C-1006,2023-2024,2024-03-21,goteo,173.2,1.6,98.0
C-1006,2023-2024,2024-03-28,goteo,125.5,1.2,97.6
C-1006,2023-2024,2024-04-04,goteo,132.5,1.2,96.3
C-1006,2023-2024,2024-04-11,goteo,133.1,1.0,82.3
C-1006,2023-2024,2024-04-18,goteo,147.0,1.4,85.4
C-1006,2023-2024,2024-04-25,goteo,145.7,1.5,96.7
C-1006,2023-2024,2024-05-02,goteo,178.8,1.4,83.8
C-1007,2023-2024,2023-03-22,gravedad,116.0,1.1,100.0
C-1007,2023-2024,2023-03-29,gravedad,118.3,0.9,98.6
C-1007,2023-2024,2023-04-05,gravedad,96.6,0.9,100.0
C-1007,2023-2024,2023-04-12,gravedad,111.0,0.9,94.1
C-1007,2023-2024,2023-04-19,gravedad,114.2,1.1,99.6
C-1007,2023-2024,2023-04-26,gravedad,159.0,1.8,100.0
C-1007,2023-2024,2023-05-03,gravedad,127.9,1.4,96.4
C-1007,2023-2024,2023-05-10,gravedad,125.1,1.3,93.3
C-1007,2023-2024,2023-05-17,gravedad,138.6,1.2,100.0
C-1007,2023-2024,2023-05-24,gravedad,155.1,1.1,96.9
C-1007,2023-2024,2023-05-31,gravedad,133.1,1.2,100.0
C-1007,2023-2024,2023-06-07,gravedad,114.7,0.9,100.0
C-1007,2023-2024,2023-06-14,gravedad,122.0,1.0,82.6
C-1007,2023-2024,2023-06-21,gravedad,88.0,0.8,100.0
C-1007,2023-2024,2023-06-28,gravedad,130.8,1.3,99.8
C-1007,2023-2024,2023-07-05,gravedad,164.0,1.4,100.0
C-1007,2023-2024,2023-07-12,gravedad,117.8,0.9,82.9
C-1007,2023-2024,2023-07-19,gravedad,130.9,0.9,87.3
C-1007,2023-2024,2023-07-26,gravedad,113.6,1.2,92.2
C-1007,2023-2024,2023-08-02,gravedad,127.1,1.2,79.6
C-1007,2023-2024,2023-08-09,gravedad,137.7,1.3,97.9
C-1007,2023-2024,2023-08-16,gravedad,79.2,0.7,100.0
C-1007,2023-2024,2023-08-23,gravedad,73.5,0.7,90.5
C-1007,2023-2024,2023-08-30,gravedad,141.3,1.1,100.0
C-1007,2023-2024,2023-09-06,gravedad,136.8,1.0,98.3
C-1007,2023-2024,2023-09-13,gravedad,133.2,1.2,100.0
C-1007,2023-2024,2023-09-20,gravedad,111.7,0.9,99.8
C-1007,2023-2024,2023-09-27,gravedad,96.5,1.2,100.0
C-1007,2023-2024,2023-10-04,gravedad,131.6,1.4,99.0
C-1007,2023-2024,2023-10-11,gravedad,140.1,1.4,91.4
C-1007,2023-2024,2023-10-18,gravedad,142.7,1.4,100.0
C-1007,2023-2024,2023-10-25,gravedad,161.2,1.9,100.0
C-1007,2023-2024,2023-11-01,gravedad,177.3,1.5,93.6
C-1007,2023-2024,2023-11-08,gravedad,134.2,1.6,95.7
C-1007,2023-2024,2023-11-15,gravedad,106.6,0.8,100.0
C-1007,2023-2024,2023-11-22,gravedad,112.2,1.1,99.1
C-1007,2023-2024,2023-11-29,gravedad,121.3,0.9,89.6
C-1007,2023-2024,2023-12-06,gravedad,132.7,1.0,100.0
C-1007,2023-2024,2023-12-13,gravedad,119.0,0.9,96.7
C-1007,2023-2024,2023-12-20,gravedad,121.3,1.1,100.0
C-1007,2023-2024,2023-12-27,gravedad,93.3,0.9,96.9
C-1007,2023-2024,2024-01-03,gravedad,133.2,1.0,100.0
C-1007,2023-2024,2024-01-10,gravedad,149.6,1.2,87.8
C-1007,2023-2024,2024-01-17,gravedad,141.8,1.1,87.1
C-1007,2023-2024,2024-01-24,gravedad,125.6,1.0,100.0
C-1007,2023-2024,2024-01-31,gravedad,129.4,1.0,100.0
C-1007,2023-2024,2024-02-07,gravedad,149.3,1.4,97.4
C-1007,2023-2024,2024-02-14,gravedad,123.0,1.2,100.0
C-1007,2023-2024,2024-02-21,gravedad,149.7,1.8,100.0
C-1007,2023-2024,2024-02-28,gravedad,108.8,0.8,100.0
C-1007,2023-2024,2024-03-06,gravedad,115.8,1.3,85.0
C-1007,2023-2024,2024-03-13,gravedad,161.3,1.7,98.5
C-1008,2023-2024,2023-04-16,aspersión,96.6,1.0,90.3
C-1008,2023-2024,2023-04-23,aspersión,118.7,1.4,88.3
C-1008,2023-2024,2023-04-30,aspersión,135.3,1.0,98.1
C-1008,2023-2024,2023-05-07,aspersión,122.3,1.3,89.6
C-1008,2023-2024,2023-05-14,aspersión,163.5,1.2,100.0
C-1008,2023-2024,2023-05-21,aspersión,147.6,1.7,100.0
C-1008,2023-2024,2023-05-28,aspersión,140.8,1.0,93.2
C-1008,2023-2024,2023-06-04,aspersión,118.5,1.1,96.1
C-1008,2023-2024,2023-06-11,aspersión,148.2,1.2,85.6
C-1008,2023-2024,2023-06-18,aspersión,137.6,1.5,98.2
C-1008,2023-2024,2023-06-25,aspersión,136.2,1.0,85.5
C-1008,2023-2024,2023-07-02,aspersión,106.5,1.0,94.8
C-1008,2023-2024,2023-07-09,aspersión,121.0,1.1,69.3
C-1008,2023-2024,2023-07-16,aspersión,99.6,0.9,87.6
C-1008,2023-2024,2023-07-23,aspersión,129.1,1.1,100.0
C-1008,2023-2024,2023-07-30,aspersión,119.8,1.4,100.0
C-1008,2023-2024,2023-08-06,aspersión,150.4,1.1,88.2
C-1008,2023-2024,2023-08-13,aspersión,116.5,0.9,92.1
C-1008,2023-2024,2023-08-20,aspersión,115.2,1.1,92.0
C-1008,2023-2024,2023-08-27,aspersión,164.7,1.4,100.0
C-1008,2023-2024,2023-09-03,aspersión,129.1,1.1,87.1
C-1008,2023-2024,2023-09-10,aspersión,106.8,1.0,100.0
C-1008,2023-2024,2023-09-17,aspersión,123.2,1.0,82.1
C-1008,2023-2024,2023-09-24,aspersión,96.3,0.8,93.8
C-1008,2023-2024,2023-10-01,aspersión,143.2,1.2,74.9
C-1008,2023-2024,2023-10-08,aspersión,119.0,1.2,100.0
C-1008,2023-2024,2023-10-15,aspersión,95.7,1.1,100.0
C-1008,2023-2024,2023-10-22,aspersión,130.8,1.2,93.9
C-1008,2023-2024,2023-10-29,aspersión,128.6,1.0,86.5
C-1008,2023-2024,2023-11-05,aspersión,138.6,1.3,95.6
C-1008,2023-2024,2023-11-12,aspersión,125.8,1.3,92.8
C-1008,2023-2024,2023-11-19,aspersión,111.1,0.9,90.1
C-1008,2023-2024,2023-11-26,aspersión,102.2,0.8,83.7
C-1008,2023-2024,2023-12-03,aspersión,135.6,1.3,88.4
C-1008,2023-2024,2023-12-10,aspersión,111.0,1.1,95.6
C-1008,2023-2024,2023-12-17,aspersión,118.6,1.1,76.1
C-1008,2023-2024,2023-12-24,aspersión,121.7,1.2,94.0
C-1008,2023-2024,2023-12-31,aspersión,123.7,1.2,100.0
C-1008,2023-2024,2024-01-07,aspersión,85.8,0.9,94.6
C-1008,2023-2024,2024-01-14,aspersión,109.4,1.0,90.4
C-1008,2023-2024,2024-01-21,aspersión,86.9,0.6,70.9
C-1008,2023-2024,2024-01-28,aspersión,118.2,0.9,89.5
C-1008,2023-2024,2024-02-04,aspersión,142.3,1.7,91.6
C-1008,2023-2024,2024-02-11,aspersión,83.3,0.8,97.4
C-1008,2023-2024,2024-02-18,aspersión,128.2,1.1,83.6
C-1008,2023-2024,2024-02-25,aspersión,159.4,1.7,98.9
C-1008,2023-2024,2024-03-03,aspersión,91.5,0.7,100.0
C-1008,2023-2024,2024-03-10,aspersión,117.7,1.2,94.8
C-1008,2023-2024,2024-03-17,aspersión,120.6,1.0,91.0
C-1008,2023-2024,2024-03-24,aspersión,89.8,0.8,97.3
C-1008,2023-2024,2024-03-31,aspersión,129.8,1.4,87.1
C-1008,2023-2024,2024-04-07,aspersión,111.8,1.1,81.9
C-1008,2023-2024,2024-04-14,aspersión,110.9,1.2,99.1
C-1009,2023-2024,2023-05-24,aspersión,78.8,0.6,87.5
C-1009,2023-2024,2023-05-31,aspersión,70.7,0.5,78.9
C-1009,2023-2024,2023-06-07,aspersión,72.9,0.5,87.7
C-1009,2023-2024,2023-06-14,aspersión,89.4,0.8,86.6
C-1009,2023-2024,2023-06-21,aspersión,77.9,0.6,86.3
C-1009,2023-2024,2023-06-28,aspersión,63.0,0.7,86.7
C-1009,2023-2024,2023-07-05,aspersión,93.0,0.7,89.2
C-1009,2023-2024,2023-07-12,aspersión,94.9,0.9,90.8
C-1009,2023-2024,2023-07-19,aspersión,72.1,0.7,73.5
C-1009,2023-2024,2023-07-26,aspersión,52.2,0.6,78.5
C-1009,2023-2024,2023-08-02,aspersión,75.1,0.7,75.1
C-1009,2023-2024,2023-08-09,aspersión,78.5,0.6,89.4
C-1009,2023-2024,2023-08-16,aspersión,86.0,0.8,88.3
C-1009,2023-2024,2023-08-23,aspersión,99.6,0.8,86.0
C-1009,2023-2024,2023-08-30,aspersión,94.2,0.9,75.1
C-1009,2023-2024,2023-09-06,aspersión,76.8,0.7,90.5
C-1009,2023-2024,2023-09-13,aspersión,82.9,0.6,83.4
C-1009,2023-2024,2023-09-20,aspersión,84.0,0.9,86.1
C-1009,2023-2024,2023-09-27,aspersión,81.5,0.6,90.7
C-1009,2023-2024,2023-10-04,aspersión,115.8,0.9,89.0
C-1009,2023-2024,2023-10-11,aspersión,71.4,0.8,86.8
C-1009,2023-2024,2023-10-18,aspersión,89.8,1.0,88.0
C-1009,2023-2024,2023-10-25,aspersión,94.2,0.7,99.1
C-1009,2023-2024,2023-11-01,aspersión,85.1,0.6,76.7
C-1009,2023-2024,2023-11-08,aspersión,70.5,0.6,86.3
C-1009,2023-2024,2023-11-15,aspersión,84.0,0.6,72.3
C-1009,2023-2024,2023-11-22,aspersión,92.3,0.7,84.8
C-1009,2023-2024,2023-11-29,aspersión,62.8,0.5,67.1
C-1009,2023-2024,2023-12-06,aspersión,88.4,0.9,86.9
C-1009,2023-2024,2023-12-13,aspersión,79.1,0.7,85.0
C-1009,2023-2024,2023-12-20,aspersión,72.2,0.5,96.6
C-1009,2023-2024,2023-12-27,aspersión,87.0,0.7,84.5
C-1009,2023-2024,2024-01-03,aspersión,61.6,0.5,72.3
C-1009,2023-2024,2024-01-10,aspersión,89.6,0.7,100.0
C-1009,2023-2024,2024-01-17,aspersión,67.3,0.6,100.0
C-1009,2023-2024,2024-01-24,aspersión,95.0,1.1,88.2
C-1009,2023-2024,2024-01-31,aspersión,80.6,0.8,80.8
C-1009,2023-2024,2024-02-07,aspersión,79.5,0.6,87.5
C-1009,2023-2024,2024-02-14,aspersión,86.0,0.7,73.5
C-1009,2023-2024,2024-02-21,aspersión,92.5,0.8,80.6
C-1009,2023-2024,2024-02-28,aspersión,77.2,0.8,78.2
C-1009,2023-2024,2024-03-06,aspersión,74.1,0.7,81.3
C-1009,2023-2024,2024-03-13,aspersión,88.3,0.7,88.4
C-1009,2023-2024,2024-03-20,aspersión,78.8,0.6,82.1
C-1009,2023-2024,2024-03-27,aspersión,61.6,0.5,82.2
C-1009,2023-2024,2024-04-03,aspersión,65.5,0.6,82.7
C-1009,2023-2024,2024-04-10,aspersión,109.2,1.2,88.1
C-1010,2023-2024,2023-05-12,aspersión,144.4,1.2,62.8
C-1010,2023-2024,2023-05-19,aspersión,161.5,1.5,77.7
C-1010,2023-2024,2023-05-26,aspersión,162.1,1.8,80.1
C-1010,2023-2024,2023-06-02,aspersión,142.4,1.4,86.5
C-1010,2023-2024,2023-06-09,aspersión,153.3,1.1,82.4
C-1010,2023-2024,2023-06-16,aspersión,142.3,1.4,86.2
C-1010,2023-2024,2023-06-23,aspersión,124.7,1.5,70.2
C-1010,2023-2024,2023-06-30,aspersión,140.5,1.0,90.4
C-1010,2023-2024,2023-07-07,aspersión,158.3,1.2,77.1
C-1010,2023-2024,2023-07-14,aspersión,157.7,1.3,80.6
C-1010,2023-2024,2023-07-21,aspersión,155.3,1.4,69.8
C-1010,2023-2024,2023-07-28,aspersión,143.9,1.4,70.4
C-1010,2023-2024,2023-08-04,aspersión,151.5,1.2,82.3
C-1010,2023-2024,2023-08-11,aspersión,146.9,1.5,85.4
C-1010,2023-2024,2023-08-18,aspersión,125.3,1.0,75.2
C-1010,2023-2024,2023-08-25,aspersión,142.5,1.1,77.4
C-1010,2023-2024,2023-09-01,aspersión,176.9,1.5,76.4
C-1010,2023-2024,2023-09-08,aspersión,140.6,1.2,90.2
C-1010,2023-2024,2023-09-15,aspersión,170.7,1.5,99.5
C-1010,2023-2024,2023-09-22,aspersión,131.9,1.5,72.0
C-1010,2023-2024,2023-09-29,aspersión,137.8,1.1,72.9
C-1010,2023-2024,2023-10-06,aspersión,131.4,1.3,71.6
C-1010,2023-2024,2023-10-13,aspersión,175.7,1.7,100.0
C-1010,2023-2024,2023-10-20,aspersión,145.4,1.2,71.0
C-1010,2023-2024,2023-10-27,aspersión,195.9,1.7,83.7
C-1010,2023-2024,2023-11-03,aspersión,124.5,1.1,72.4
C-1010,2023-2024,2023-11-10,aspersión,190.2,2.3,82.1
C-1010,2023-2024,2023-11-17,aspersión,99.0,0.7,86.9
C-1010,2023-2024,2023-11-24,aspersión,184.4,1.3,68.6
C-1010,2023-2024,2023-12-01,aspersión,163.0,1.8,68.1
C-1010,2023-2024,2023-12-08,aspersión,155.8,1.5,79.0
C-1010,2023-2024,2023-12-15,aspersión,112.6,1.4,78.8
C-1010,2023-2024,2023-12-22,aspersión,152.5,1.1,77.8
C-1010,2023-2024,2023-12-29,aspersión,155.0,1.6,78.9
C-1010,2023-2024,2024-01-05,aspersión,146.4,1.2,66.0
C-1010,2023-2024,2024-01-12,aspersión,167.1,1.5,81.7
C-1010,2023-2024,2024-01-19,aspersión,178.5,1.3,65.6
C-1010,2023-2024,2024-01-26,aspersión,162.4,1.7,82.7
C-1010,2023-2024,2024-02-02,aspersión,145.2,1.0,88.8
C-1010,2023-2024,2024-02-09,aspersión,167.3,1.4,64.5
C-1010,2023-2024,2024-02-16,aspersión,174.0,1.9,86.5
C-1010,2023-2024,2024-02-23,aspersión,135.4,1.4,88.3
C-1010,2023-2024,2024-03-01,aspersión,192.4,1.4,79.6
C-1010,2023-2024,2024-03-08,aspersión,173.5,1.8,72.4
C-1010,2023-2024,2024-03-15,aspersión,165.7,1.5,82.1
C-1010,2023-2024,2024-03-22,aspersión,161.1,1.5,93.2
C-1010,2023-2024,2024-03-29,aspersión,134.9,1.4,81.5
C-1010,2023-2024,2024-04-05,aspersión,176.5,1.3,70.9
C-1010,2023-2024,2024-04-12,aspersión,108.3,0.9,72.4
C-1010,2023-2024,2024-04-19,aspersión,147.0,1.5,76.2
C-1010,2023-2024,2024-04-26,aspersión,161.4,1.7,86.7
C-1011,2023-2024,2023-05-14,gravedad,116.4,1.4,92.4
C-1011,2023-2024,2023-05-21,gravedad,137.6,1.2,89.3
C-1011,2023-2024,2023-05-28,gravedad,108.8,1.3,92.2
C-1011,2023-2024,2023-06-04,gravedad,135.5,1.7,82.3
C-1011,2023-2024,2023-06-11,gravedad,143.1,1.3,85.9
C-1011,2023-2024,2023-06-18,gravedad,146.9,1.2,79.1
C-1011,2023-2024,2023-06-25,gravedad,106.6,0.8,69.4
C-1011,2023-2024,2023-07-02,gravedad,144.1,1.3,95.4
C-1011,2023-2024,2023-07-09,gravedad,98.2,1.2,95.4
C-1011,2023-2024,2023-07-16,gravedad,121.0,1.5,68.0
C-1011,2023-2024,2023-07-23,gravedad,135.1,1.2,85.6
C-1011,2023-2024,2023-07-30,gravedad,99.5,0.8,92.2
C-1011,2023-2024,2023-08-06,gravedad,114.6,1.0,66.8
C-1011,2023-2024,2023-08-13,gravedad,124.7,1.3,71.6
C-1011,2023-2024,2023-08-20,gravedad,138.7,1.5,75.4
C-1011,2023-2024,2023-08-27,gravedad,119.1,1.3,88.8
C-1011,2023-2024,2023-09-03,gravedad,127.4,0.9,74.7
C-1011,2023-2024,2023-09-10,gravedad,130.5,1.0,80.3
C-1011,2023-2024,2023-09-17,gravedad,138.4,1.0,88.1
C-1011,2023-2024,2023-09-24,gravedad,140.6,1.1,93.5
C-1011,2023-2024,2023-10-01,gravedad,70.5,0.7,92.2
C-1011,2023-2024,2023-10-08,gravedad,123.7,1.0,75.3
C-1011,2023-2024,2023-10-15,gravedad,149.9,1.1,93.0
C-1011,2023-2024,2023-10-22,gravedad,128.8,1.3,79.4
C-1011,2023-2024,2023-10-29,gravedad,110.1,1.1,89.9
C-1011,2023-2024,2023-11-05,gravedad,96.4,0.9,77.1
C-1011,2023-2024,2023-11-12,gravedad,155.1,1.7,96.8
C-1011,2023-2024,2023-11-19,gravedad,129.2,1.0,78.6
C-1011,2023-2024,2023-11-26,gravedad,114.3,0.8,84.8
C-1011,2023-2024,2023-12-03,gravedad,106.0,0.8,81.0
C-1011,2023-2024,2023-12-10,gravedad,94.8,0.8,76.7
C-1011,2023-2024,2023-12-17,gravedad,112.9,1.0,84.5
C-1011,2023-2024,2023-12-24,gravedad,134.7,1.3,78.8
C-1011,2023-2024,2023-12-31,gravedad,134.1,1.0,91.3
C-1011,2023-2024,2024-01-07,gravedad,106.5,0.9,79.3
C-1011,2023-2024,2024-01-14,gravedad,133.1,1.2,81.8
C-1011,2023-2024,2024-01-21,gravedad,125.3,1.0,87.9
C-1011,2023-2024,2024-01-28,gravedad,134.5,1.5,80.6
C-1011,2023-2024,2024-02-04,gravedad,145.4,1.3,81.6
C-1011,2023-2024,2024-02-11,gravedad,131.9,1.1,73.3
C-1011,2023-2024,2024-02-18,gravedad,144.9,1.7,85.8
C-1011,2023-2024,2024-02-25,gravedad,160.6,1.5,85.4
C-1011,2023-2024,2024-03-03,gravedad,119.0,1.2,82.0
C-1011,2023-2024,2024-03-10,gravedad,114.6,1.4,85.6
C-1011,2023-2024,2024-03-17,gravedad,114.9,1.1,73.1
C-1011,2023-2024,2024-03-24,gravedad,137.5,1.0,85.9
C-1011,2023-2024,2024-03-31,gravedad,148.7,1.2,87.2
C-1011,2023-2024,2024-04-07,gravedad,135.8,1.2,79.8
C-1011,2023-2024,2024-04-14,gravedad,173.0,2.1,78.7
C-1011,2023-2024,2024-04-21,gravedad,138.4,1.6,72.8
C-1011,2023-2024,2024-04-28,gravedad,151.8,1.9,75.1
C-1011,2023-2024,2024-05-05,gravedad,153.1,1.5,73.9
C-1011,2023-2024,2024-05-12,gravedad,164.5,1.5,83.9
C-1011,2023-2024,2024-05-19,gravedad,160.9,1.7,83.8
C-1011,2023-2024,2024-05-26,gravedad,117.0,1.1,87.8
C-1011,2023-2024,2024-06-02,gravedad,130.2,0.9,85.1
C-1012,2023-2024,2023-04-10,goteo,145.6,1.4,80.5
C-1012,2023-2024,2023-04-17,goteo,111.0,1.1,72.1
C-1012,2023-2024,2023-04-24,goteo,217.8,2.4,81.2
C-1012,2023-2024,2023-05-01,goteo,171.2,1.7,81.8
C-1012,2023-2024,2023-05-08,goteo,169.4,1.9,68.0
C-1012,2023-2024,2023-05-15,goteo,190.1,1.9,81.2
C-1012,2023-2024,2023-05-22,goteo,234.4,2.2,64.9
C-1012,2023-2024,2023-05-29,goteo,154.9,1.4,79.9
C-1012,2023-2024,2023-06-05,goteo,184.8,1.8,82.1
C-1012,2023-2024,2023-06-12,goteo,148.6,1.7,98.8
C-1012,2023-2024,2023-06-19,goteo,192.1,1.5,72.0
C-1012,2023-2024,2023-06-26,goteo,132.6,1.1,67.2
C-1012,2023-2024,2023-07-03,goteo,142.5,1.4,78.1
C-1012,2023-2024,2023-07-10,goteo,192.4,1.7,74.6
C-1012,2023-2024,2023-07-17,goteo,208.4,2.6,80.2
C-1012,2023-2024,2023-07-24,goteo,176.7,2.1,64.7
C-1012,2023-2024,2023-07-31,goteo,128.0,1.3,76.4
C-1012,2023-2024,2023-08-07,goteo,146.9,1.4,76.4
C-1012,2023-2024,2023-08-14,goteo,123.2,1.2,79.2
C-1012,2023-2024,2023-08-21,goteo,192.6,2.1,77.2
C-1012,2023-2024,2023-08-28,goteo,210.0,1.5,75.2
C-1012,2023-2024,2023-09-04,goteo,169.3,1.7,79.7
C-1012,2023-2024,2023-09-11,goteo,187.4,1.4,77.0
C-1012,2023-2024,2023-09-18,goteo,204.4,1.6,82.2
C-1012,2023-2024,2023-09-25,goteo,205.8,1.5,61.5
C-1012,2023-2024,2023-10-02,goteo,224.2,1.8,62.2
C-1012,2023-2024,2023-10-09,goteo,162.6,2.0,73.7
C-1012,2023-2024,2023-10-16,goteo,168.1,1.4,67.6
C-1012,2023-2024,2023-10-23,goteo,160.3,1.7,79.1
C-1012,2023-2024,2023-10-30,goteo,195.6,1.8,77.5
C-1012,2023-2024,2023-11-06,goteo,195.4,1.9,76.4
C-1012,2023-2024,2023-11-13,goteo,185.0,1.4,82.1
C-1012,2023-2024,2023-11-20,goteo,197.2,1.8,69.5
C-1012,2023-2024,2023-11-27,goteo,183.9,1.7,77.5
C-1012,2023-2024,2023-12-04,goteo,242.3,2.1,79.3
C-1012,2023-2024,2023-12-11,goteo,211.2,2.2,94.6
C-1012,2023-2024,2023-12-18,goteo,171.7,1.2,69.6
C-1012,2023-2024,2023-12-25,goteo,172.5,1.5,82.7
C-1012,2023-2024,2024-01-01,goteo,190.8,1.7,75.2
C-1012,2023-2024,2024-01-08,goteo,173.0,2.0,79.1
C-1012,2023-2024,2024-01-15,goteo,162.4,1.9,68.4
C-1012,2023-2024,2024-01-22,goteo,207.6,2.5,77.0
C-1012,2023-2024,2024-01-29,goteo,180.3,1.5,69.2
C-1012,2023-2024,2024-02-05,goteo,152.7,1.1,80.8
C-1012,2023-2024,2024-02-12,goteo,191.1,1.7,81.4
C-1012,2023-2024,2024-02-19,goteo,161.7,1.8,68.4
C-1012,2023-2024,2024-02-26,goteo,217.6,2.0,80.8
C-1012,2023-2024,2024-03-04,goteo,216.1,2.5,62.3
C-1013,2023-2024,2023-05-13,aspersión,67.2,0.7,84.8
C-1013,2023-2024,2023-05-20,aspersión,70.7,0.8,96.1
C-1013,2023-2024,2023-05-27,aspersión,74.6,0.6,97.5
C-1013,2023-2024,2023-06-03,aspersión,80.7,0.7,100.0
C-1013,2023-2024,2023-06-10,aspersión,76.6,0.9,85.4
C-1013,2023-2024,2023-06-17,aspersión,54.7,0.4,92.4
C-1013,2023-2024,2023-06-24,aspersión,68.8,0.7,97.8
C-1013,2023-2024,2023-07-01,aspersión,82.1,1.0,85.4
C-1013,2023-2024,2023-07-08,aspersión,74.5,0.7,78.6
C-1013,2023-2024,2023-07-15,aspersión,72.0,0.6,91.7
C-1013,2023-2024,2023-07-22,aspersión,65.0,0.6,92.0
C-1013,2023-2024,2023-07-29,aspersión,75.1,0.7,100.0
C-1013,2023-2024,2023-08-05,aspersión,70.8,0.5,96.9
C-1013,2023-2024,2023-08-12,aspersión,80.8,0.8,99.7
C-1013,2023-2024,2023-08-19,aspersión,84.9,0.8,100.0
C-1013,2023-2024,2023-08-26,aspersión,64.4,0.7,93.5
C-1013,2023-2024,2023-09-02,aspersión,73.0,0.6,81.5
C-1013,2023-2024,2023-09-09,aspersión,75.1,0.6,94.1
C-1013,2023-2024,2023-09-16,aspersión,65.2,0.5,95.3
C-1013,2023-2024,2023-09-23,aspersión,75.7,0.8,100.0
C-1013,2023-2024,2023-09-30,aspersión,77.1,0.7,84.8
C-1013,2023-2024,2023-10-07,aspersión,59.8,0.5,86.0
C-1013,2023-2024,2023-10-14,aspersión,62.4,0.5,92.7
C-1013,2023-2024,2023-10-21,aspersión,64.0,0.7,100.0
C-1013,2023-2024,2023-10-28,aspersión,65.1,0.6,100.0
C-1013,2023-2024,2023-11-04,aspersión,79.5,1.0,80.7
C-1013,2023-2024,2023-11-11,aspersión,65.8,0.8,100.0
C-1013,2023-2024,2023-11-18,aspersión,62.5,0.5,98.8
C-1013,2023-2024,2023-11-25,aspersión,47.6,0.4,83.9
C-1013,2023-2024,2023-12-02,aspersión,77.7,0.7,100.0
C-1013,2023-2024,2023-12-09,aspersión,80.2,0.6,87.1
C-1013,2023-2024,2023-12-16,aspersión,75.6,0.8,97.2
C-1013,2023-2024,2023-12-23,aspersión,82.8,0.9,91.7
C-1013,2023-2024,2023-12-30,aspersión,53.5,0.4,96.7
C-1013,2023-2024,2024-01-06,aspersión,61.9,0.6,100.0
C-1013,2023-2024,2024-01-13,aspersión,75.5,0.5,83.2
C-1013,2023-2024,2024-01-20,aspersión,95.0,0.8,77.5
C-1013,2023-2024,2024-01-27,aspersión,87.8,0.9,100.0
C-1013,2023-2024,2024-02-03,aspersión,77.1,0.7,96.3
C-1013,2023-2024,2024-02-10,aspersión,81.8,0.8,100.0
C-1013,2023-2024,2024-02-17,aspersión,56.5,0.6,100.0
C-1013,2023-2024,2024-02-24,aspersión,87.4,0.9,100.0
C-1013,2023-2024,2024-03-02,aspersión,84.3,0.6,87.4
C-1013,2023-2024,2024-03-09,aspersión,68.4,0.8,89.5
C-1013,2023-2024,2024-03-16,aspersión,64.2,0.7,89.9
C-1013,2023-2024,2024-03-23,aspersión,78.1,0.6,100.0
C-1013,2023-2024,2024-03-30,aspersión,74.2,0.5,95.5
C-1013,2023-2024,2024-04-06,aspersión,83.2,1.0,100.0
C-1013,2023-2024,2024-04-13,aspersión,74.7,0.6,96.3
C-1013,2023-2024,2024-04-20,aspersión,70.8,0.7,100.0
C-1013,2023-2024,2024-04-27,aspersión,71.0,0.7,100.0
C-1013,2023-2024,2024-05-04,aspersión,86.7,0.9,74.3
C-1013,2023-2024,2024-05-11,aspersión,79.8,0.6,100.0
C-1013,2023-2024,2024-05-18,aspersión,75.9,0.6,86.2
C-1014,2023-2024,2023-04-13,gravedad,143.5,1.8,83.4
C-1014,2023-2024,2023-04-20,gravedad,139.8,1.0,94.0
C-1014,2023-2024,2023-04-27,gravedad,159.8,1.9,99.2
C-1014,2023-2024,2023-05-04,gravedad,134.1,1.3,85.8
C-1014,2023-2024,2023-05-11,gravedad,154.9,1.1,85.9
C-1014,2023-2024,2023-05-18,gravedad,123.7,1.4,93.3
C-1014,2023-2024,2023-05-25,gravedad,151.5,1.2,87.0
C-1014,2023-2024,2023-06-01,gravedad,142.1,1.1,69.8
C-1014,2023-2024,2023-06-08,gravedad,141.2,1.4,97.0
C-1014,2023-2024,2023-06-15,gravedad,170.6,1.4,79.3
C-1014,2023-2024,2023-06-22,gravedad,130.8,1.2,100.0
C-1014,2023-2024,2023-06-29,gravedad,168.7,1.8,84.2
C-1014,2023-2024,2023-07-06,gravedad,119.8,0.9,78.5
C-1014,2023-2024,2023-07-13,gravedad,133.1,1.1,100.0
C-1014,2023-2024,2023-07-20,gravedad,130.7,1.1,91.4
C-1014,2023-2024,2023-07-27,gravedad,123.6,1.0,86.6
C-1014,2023-2024,2023-08-03,gravedad,132.4,1.1,75.1
C-1014,2023-2024,2023-08-10,gravedad,127.3,1.0,82.4
C-1014,2023-2024,2023-08-17,gravedad,104.7,0.9,96.3
C-1014,2023-2024,2023-08-24,gravedad,137.1,1.0,93.0
C-1014,2023-2024,2023-08-31,gravedad,103.7,0.9,80.2
C-1014,2023-2024,2023-09-07,gravedad,114.0,1.4,85.9
C-1014,2023-2024,2023-09-14,gravedad,124.7,1.1,83.8
C-1014,2023-2024,2023-09-21,gravedad,158.4,1.3,81.7
C-1014,2023-2024,2023-09-28,gravedad,120.1,1.4,89.7
C-1014,2023-2024,2023-10-05,gravedad,130.7,1.0,83.0
C-1014,2023-2024,2023-10-12,gravedad,119.4,1.0,73.7
C-1014,2023-2024,2023-10-19,gravedad,108.2,0.8,98.2
C-1014,2023-2024,2023-10-26,gravedad,122.6,1.2,92.3
C-1014,2023-2024,2023-11-02,gravedad,89.9,0.7,85.1
C-1014,2023-2024,2023-11-09,gravedad,170.1,2.0,88.1
C-1014,2023-2024,2023-11-16,gravedad,161.5,1.6,82.7
C-1014,2023-2024,2023-11-23,gravedad,137.7,1.5,75.1
C-1014,2023-2024,2023-11-30,gravedad,159.3,1.2,88.1
C-1014,2023-2024,2023-12-07,gravedad,133.0,1.0,79.5
C-1014,2023-2024,2023-12-14,gravedad,143.8,1.7,86.3
C-1014,2023-2024,2023-12-21,gravedad,139.5,1.3,79.6
C-1014,2023-2024,2023-12-28,gravedad,153.4,1.2,100.0
C-1014,2023-2024,2024-01-04,gravedad,130.3,1.1,93.5
C-1014,2023-2024,2024-01-11,gravedad,155.0,1.6,84.1
C-1014,2023-2024,2024-01-18,gravedad,149.3,1.1,84.0
C-1014,2023-2024,2024-01-25,gravedad,139.9,1.3,82.5
C-1014,2023-2024,2024-02-01,gravedad,99.9,1.2,77.3
C-1014,2023-2024,2024-02-08,gravedad,110.9,1.2,77.8
C-1014,2023-2024,2024-02-15,gravedad,123.5,1.3,83.8
C-1014,2023-2024,2024-02-22,gravedad,165.4,1.6,87.5
C-1014,2023-2024,2024-02-29,gravedad,128.5,1.4,89.9
C-1014,2023-2024,2024-03-07,gravedad,150.2,1.2,87.6
C-1014,2023-2024,2024-03-14,gravedad,96.0,0.8,93.4
C-1014,2023-2024,2024-03-21,gravedad,132.3,1.0,80.3
C-1014,2023-2024,2024-03-28,gravedad,142.6,1.4,86.5
C-1014,2023-2024,2024-04-04,gravedad,135.7,1.2,94.1
C-1014,2023-2024,2024-04-11,gravedad,166.6,1.8,89.2
C-1014,2023-2024,2024-04-18,gravedad,138.0,1.0,81.7
C-1014,2023-2024,2024-04-25,gravedad,153.9,1.6,96.1
C-1015,2023-2024,2023-05-12,gravedad,111.0,0.8,84.2
C-1015,2023-2024,2023-05-19,gravedad,133.9,1.6,90.6
C-1015,2023-2024,2023-05-26,gravedad,130.1,1.6,98.3
C-1015,2023-2024,2023-06-02,gravedad,128.6,1.0,91.4
C-1015,2023-2024,2023-06-09,gravedad,128.4,1.2,83.8
C-1015,2023-2024,2023-06-16,gravedad,142.0,1.2,95.0
C-1015,2023-2024,2023-06-23,gravedad,115.1,1.0,88.7
C-1015,2023-2024,2023-06-30,gravedad,137.4,1.2,74.9
C-1015,2023-2024,2023-07-07,gravedad,109.4,0.8,86.9
C-1015,2023-2024,2023-07-14,gravedad,82.5,1.0,94.0
C-1015,2023-2024,2023-07-21,gravedad,111.8,1.0,97.2
C-1015,2023-2024,2023-07-28,gravedad,103.8,1.0,92.9
C-1015,2023-2024,2023-08-04,gravedad,117.2,0.9,87.2
C-1015,2023-2024,2023-08-11,gravedad,130.8,1.0,75.6
C-1015,2023-2024,2023-08-18,gravedad,123.5,0.9,92.4
C-1015,2023-2024,2023-08-25,gravedad,119.9,1.0,94.9
C-1015,2023-2024,2023-09-01,gravedad,112.3,1.4,86.1
C-1015,2023-2024,2023-09-08,gravedad,147.3,1.6,92.6
C-1015,2023-2024,2023-09-15,gravedad,84.6,0.6,85.1
C-1015,2023-2024,2023-09-22,gravedad,77.7,0.6,85.5
C-1015,2023-2024,2023-09-29,gravedad,77.4,0.8,100.0
C-1015,2023-2024,2023-10-06,gravedad,138.3,1.0,88.9
C-1015,2023-2024,2023-10-13,gravedad,135.6,1.4,97.6
C-1015,2023-2024,2023-10-20,gravedad,97.1,0.9,92.1
C-1015,2023-2024,2023-10-27,gravedad,82.4,0.8,100.0
C-1015,2023-2024,2023-11-03,gravedad,123.9,1.1,90.0
C-1015,2023-2024,2023-11-10,gravedad,111.8,1.0,82.0
C-1015,2023-2024,2023-11-17,gravedad,96.7,1.0,99.5
C-1015,2023-2024,2023-11-24,gravedad,96.2,0.8,87.9
C-1015,2023-2024,2023-12-01,gravedad,118.8,0.9,96.5
C-1015,2023-2024,2023-12-08,gravedad,114.4,0.9,91.0
C-1015,2023-2024,2023-12-15,gravedad,123.6,0.9,100.0
C-1015,2023-2024,2023-12-22,gravedad,121.0,0.9,75.7
C-1015,2023-2024,2023-12-29,gravedad,99.1,0.7,90.9
C-1015,2023-2024,2024-01-05,gravedad,80.6,0.9,84.2
C-1015,2023-2024,2024-01-12,gravedad,137.0,1.3,90.2
C-1015,2023-2024,2024-01-19,gravedad,133.0,1.2,80.6
C-1015,2023-2024,2024-01-26,gravedad,109.7,1.3,77.9
C-1015,2023-2024,2024-02-02,gravedad,84.8,0.7,83.7
C-1015,2023-2024,2024-02-09,gravedad,106.4,1.0,83.1
C-1015,2023-2024,2024-02-16,gravedad,112.9,1.0,82.4
C-1015,2023-2024,2024-02-23,gravedad,141.1,1.4,83.1
C-1015,2023-2024,2024-03-01,gravedad,139.1,1.6,84.2
C-1015,2023-2024,2024-03-08,gravedad,110.4,0.9,100.0
C-1015,2023-2024,2024-03-15,gravedad,99.2,1.0,89.3
C-1015,2023-2024,2024-03-22,gravedad,96.3,0.9,88.6
C-1015,2023-2024,2024-03-29,gravedad,132.4,1.0,94.1
C-1015,2023-2024,2024-04-05,gravedad,133.5,1.6,86.9
C-1015,2023-2024,2024-04-12,gravedad,124.3,1.0,93.3
C-1015,2023-2024,2024-04-19,gravedad,111.5,0.9,80.9
C-1015,2023-2024,2024-04-26,gravedad,137.6,1.0,100.0
C-1015,2023-2024,2024-05-03,gravedad,104.3,0.9,100.0
C-1015,2023-2024,2024-05-10,gravedad,95.1,1.0,89.9
C-1015,2023-2024,2024-05-17,gravedad,134.8,1.4,88.4
C-1015,2023-2024,2024-05-24,gravedad,103.1,1.3,81.0
C-1016,2023-2024,2023-03-27,goteo,109.2,1.1,77.2
C-1016,2023-2024,2023-04-03,goteo,97.0,0.8,79.4
C-1016,2023-2024,2023-04-10,goteo,104.1,1.0,80.6
C-1016,2023-2024,2023-04-17,goteo,102.0,1.0,88.3
C-1016,2023-2024,2023-04-24,goteo,124.3,1.3,86.7
C-1016,2023-2024,2023-05-01,goteo,98.6,0.9,95.3
C-1016,2023-2024,2023-05-08,goteo,110.1,1.3,86.4
C-1016,2023-2024,2023-05-15,goteo,121.2,1.0,90.7
C-1016,2023-2024,2023-05-22,goteo,91.7,1.0,83.9
C-1016,2023-2024,2023-05-29,goteo,75.4,0.9,93.1
C-1016,2023-2024,2023-06-05,goteo,73.0,0.6,74.5
C-1016,2023-2024,2023-06-12,goteo,101.3,0.8,94.0
C-1016,2023-2024,2023-06-19,goteo,117.0,1.0,83.9
C-1016,2023-2024,2023-06-26,goteo,108.3,0.8,89.6
C-1016,2023-2024,2023-07-03,goteo,85.2,1.0,92.3
C-1016,2023-2024,2023-07-10,goteo,105.5,0.9,86.0
C-1016,2023-2024,2023-07-17,goteo,58.4,0.7,81.9
C-1016,2023-2024,2023-07-24,goteo,101.5,1.2,82.2
C-1016,2023-2024,2023-07-31,goteo,84.8,0.7,83.3
C-1016,2023-2024,2023-08-07,goteo,104.1,1.2,91.1
C-1016,2023-2024,2023-08-14,goteo,85.6,0.7,93.1
C-1016,2023-2024,2023-08-21,goteo,75.7,0.6,78.1
C-1016,2023-2024,2023-08-28,goteo,96.6,0.7,81.4
C-1016,2023-2024,2023-09-04,goteo,130.6,1.5,73.4
C-1016,2023-2024,2023-09-11,goteo,82.3,0.6,79.1
C-1016,2023-2024,2023-09-18,goteo,101.9,1.0,75.2
C-1016,2023-2024,2023-09-25,goteo,98.7,0.7,93.9
C-1016,2023-2024,2023-10-02,goteo,89.2,0.8,76.1
C-1016,2023-2024,2023-10-09,goteo,75.0,0.8,92.1
C-1016,2023-2024,2023-10-16,goteo,118.4,1.3,81.4
C-1016,2023-2024,2023-10-23,goteo,113.8,1.4,79.6
C-1016,2023-2024,2023-10-30,goteo,77.5,0.8,91.4
C-1016,2023-2024,2023-11-06,goteo,83.9,0.6,85.4
C-1016,2023-2024,2023-11-13,goteo,113.8,1.4,77.2
C-1016,2023-2024,2023-11-20,goteo,77.5,0.6,89.9
C-1016,2023-2024,2023-11-27,goteo,94.0,0.7,68.2
C-1016,2023-2024,2023-12-04,goteo,129.2,1.2,88.9
C-1016,2023-2024,2023-12-11,goteo,117.2,1.0,80.8
C-1016,2023-2024,2023-12-18,goteo,99.8,1.0,100.0
C-1016,2023-2024,2023-12-25,goteo,110.8,0.9,86.5
C-1016,2023-2024,2024-01-01,goteo,86.8,0.9,77.5
C-1016,2023-2024,2024-01-08,goteo,110.0,1.2,85.9
C-1016,2023-2024,2024-01-15,goteo,103.8,1.0,82.3
C-1016,2023-2024,2024-01-22,goteo,93.5,0.7,94.6
C-1016,2023-2024,2024-01-29,goteo,100.6,0.7,78.6
C-1016,2023-2024,2024-02-05,goteo,119.2,1.0,78.2
C-1016,2023-2024,2024-02-12,goteo,110.9,1.0,87.4
C-1016,2023-2024,2024-02-19,goteo,92.4,0.9,90.5
C-1016,2023-2024,2024-02-26,goteo,115.7,1.0,75.9
C-1016,2023-2024,2024-03-04,goteo,104.0,0.9,67.5
C-1016,2023-2024,2024-03-11,goteo,106.6,1.1,78.2
C-1016,2023-2024,2024-03-18,goteo,92.6,1.0,79.4
C-1017,2023-2024,2023-03-14,goteo,161.4,1.8,52.0
C-1017,2023-2024,2023-03-21,goteo,180.0,1.8,70.4
C-1017,2023-2024,2023-03-28,goteo,123.9,1.5,69.1
C-1017,2023-2024,2023-04-04,goteo,136.3,1.6,62.7
C-1017,2023-2024,2023-04-11,goteo,205.7,1.8,50.4
C-1017,2023-2024,2023-04-18,goteo,221.5,2.6,71.5
C-1017,2023-2024,2023-04-25,goteo,184.7,1.6,67.6
C-1017,2023-2024,2023-05-02,goteo,158.6,1.2,65.5
C-1017,2023-2024,2023-05-09,goteo,190.1,1.9,62.3
C-1017,2023-2024,2023-05-16,goteo,187.7,2.2,69.5
C-1017,2023-2024,2023-05-23,goteo,145.1,1.2,59.1
C-1017,2023-2024,2023-05-30,goteo,146.2,1.2,71.5
C-1017,2023-2024,2023-06-06,goteo,157.4,1.7,74.6
C-1017,2023-2024,2023-06-13,goteo,167.1,1.4,76.3
C-1017,2023-2024,2023-06-20,goteo,159.7,1.8,61.0
C-1017,2023-2024,2023-06-27,goteo,139.7,1.2,68.7
C-1017,2023-2024,2023-07-04,goteo,142.2,1.4,55.0
C-1017,2023-2024,2023-07-11,goteo,130.8,1.4,75.9
C-1017,2023-2024,2023-07-18,goteo,162.7,1.4,48.9
C-1017,2023-2024,2023-07-25,goteo,144.8,1.7,48.5
C-1017,2023-2024,2023-08-01,goteo,164.0,1.2,53.1
C-1017,2023-2024,2023-08-08,goteo,148.2,1.6,66.9
C-1017,2023-2024,2023-08-15,goteo,168.6,1.7,69.7
C-1017,2023-2024,2023-08-22,goteo,188.8,1.4,66.1
C-1017,2023-2024,2023-08-29,goteo,173.6,2.0,60.5
C-1017,2023-2024,2023-09-05,goteo,153.1,1.5,67.1
C-1017,2023-2024,2023-09-12,goteo,158.9,1.7,58.6
C-1017,2023-2024,2023-09-19,goteo,145.2,1.1,54.0
C-1017,2023-2024,2023-09-26,goteo,184.9,1.9,56.8
C-1017,2023-2024,2023-10-03,goteo,180.7,1.9,52.4
C-1017,2023-2024,2023-10-10,goteo,185.9,1.7,60.4
C-1017,2023-2024,2023-10-17,goteo,162.2,1.2,63.8
C-1017,2023-2024,2023-10-24,goteo,132.2,1.1,59.8
C-1017,2023-2024,2023-10-31,goteo,206.8,1.6,45.8
C-1017,2023-2024,2023-11-07,goteo,169.8,2.0,76.3
C-1017,2023-2024,2023-11-14,goteo,205.5,2.2,71.0
C-1017,2023-2024,2023-11-21,goteo,143.7,1.6,53.5
C-1017,2023-2024,2023-11-28,goteo,145.6,1.1,70.9
C-1017,2023-2024,2023-12-05,goteo,180.5,1.6,52.9
C-1017,2023-2024,2023-12-12,goteo,153.7,1.7,70.6
C-1017,2023-2024,2023-12-19,goteo,189.7,1.5,57.6
C-1017,2023-2024,2023-12-26,goteo,95.0,0.8,75.1
C-1017,2023-2024,2024-01-02,goteo,151.5,1.3,76.8
C-1017,2023-2024,2024-01-09,goteo,191.8,1.5,61.3
C-1017,2023-2024,2024-01-16,goteo,158.0,1.3,76.5
C-1017,2023-2024,2024-01-23,goteo,171.4,1.4,73.0
C-1017,2023-2024,2024-01-30,goteo,132.9,1.3,61.3
C-1017,2023-2024,2024-02-06,goteo,100.4,0.9,55.5
C-1017,2023-2024,2024-02-13,goteo,174.0,2.0,65.2
C-1017,2023-2024,2024-02-20,goteo,208.4,1.8,63.5
C-1017,2023-2024,2024-02-27,goteo,168.5,2.0,63.9
C-1017,2023-2024,2024-03-05,goteo,122.5,0.9,58.2
C-1017,2023-2024,2024-03-12,goteo,210.3,2.6,71.9
C-1018,2023-2024,2023-04-08,goteo,169.3,1.3,84.4
C-1018,2023-2024,2023-04-15,goteo,178.2,1.4,72.7
C-1018,2023-2024,2023-04-22,goteo,150.1,1.3,78.5
C-1018,2023-2024,2023-04-29,goteo,228.8,1.7,95.8
C-1018,2023-2024,2023-05-06,goteo,165.1,1.3,72.8
C-1018,2023-2024,2023-05-13,goteo,158.7,1.8,96.1
C-1018,2023-2024,2023-05-20,goteo,175.8,1.5,88.5
C-1018,2023-2024,2023-05-27,goteo,211.7,1.6,100.0
C-1018,2023-2024,2023-06-03,goteo,157.7,1.5,73.7
C-1018,2023-2024,2023-06-10,goteo,229.6,2.1,80.7
C-1018,2023-2024,2023-06-17,goteo,202.0,1.6,99.1
C-1018,2023-2024,2023-06-24,goteo,130.6,1.0,79.7
C-1018,2023-2024,2023-07-01,goteo,119.8,1.0,81.3
C-1018,2023-2024,2023-07-08,goteo,189.0,2.2,80.6
C-1018,2023-2024,2023-07-15,goteo,159.4,1.3,91.3
C-1018,2023-2024,2023-07-22,goteo,155.7,1.5,91.9
C-1018,2023-2024,2023-07-29,goteo,179.8,1.4,79.2
C-1018,2023-2024,2023-08-05,goteo,117.9,0.9,95.4
C-1018,2023-2024,2023-08-12,goteo,180.4,2.1,82.1
C-1018,2023-2024,2023-08-19,goteo,170.5,1.2,72.5
C-1018,2023-2024,2023-08-26,goteo,148.7,1.2,82.6
C-1018,2023-2024,2023-09-02,goteo,184.7,1.8,86.3
C-1018,2023-2024,2023-09-09,goteo,198.0,1.5,84.5
C-1018,2023-2024,2023-09-16,goteo,167.7,1.4,82.8
C-1018,2023-2024,2023-09-23,goteo,202.3,1.7,76.3
C-1018,2023-2024,2023-09-30,goteo,157.6,1.6,80.4
C-1018,2023-2024,2023-10-07,goteo,182.5,1.8,90.5
C-1018,2023-2024,2023-10-14,goteo,206.5,2.3,75.9
C-1018,2023-2024,2023-10-21,goteo,147.1,1.7,79.8
C-1018,2023-2024,2023-10-28,goteo,141.1,1.3,79.6
C-1018,2023-2024,2023-11-04,goteo,153.0,1.9,92.8
C-1018,2023-2024,2023-11-11,goteo,175.2,1.3,84.8
C-1018,2023-2024,2023-11-18,goteo,162.7,1.6,85.5
C-1018,2023-2024,2023-11-25,goteo,181.2,1.3,76.7
C-1018,2023-2024,2023-12-02,goteo,192.0,1.6,70.8
C-1018,2023-2024,2023-12-09,goteo,189.8,1.4,76.6
C-1018,2023-2024,2023-12-16,goteo,169.9,1.5,73.3
C-1018,2023-2024,2023-12-23,goteo,196.9,2.2,74.5
C-1018,2023-2024,2023-12-30,goteo,176.0,2.1,79.6
C-1018,2023-2024,2024-01-06,goteo,189.0,1.4,76.2
C-1018,2023-2024,2024-01-13,goteo,174.1,1.4,93.3
C-1018,2023-2024,2024-01-20,goteo,153.2,1.8,77.1
C-1018,2023-2024,2024-01-27,goteo,216.7,1.9,94.0
C-1018,2023-2024,2024-02-03,goteo,153.4,1.3,88.1
C-1018,2023-2024,2024-02-10,goteo,144.2,1.7,89.7
C-1018,2023-2024,2024-02-17,goteo,197.0,2.5,83.8
C-1018,2023-2024,2024-02-24,goteo,189.5,2.0,73.1
C-1019,2023-2024,2023-03-18,gravedad,147.0,1.7,92.9
C-1019,2023-2024,2023-03-25,gravedad,158.6,1.8,86.0
C-1019,2023-2024,2023-04-01,gravedad,127.8,1.6,73.4
C-1019,2023-2024,2023-04-08,gravedad,115.4,1.0,81.5
C-1019,2023-2024,2023-04-15,gravedad,156.6,1.8,81.9
C-1019,2023-2024,2023-04-22,gravedad,153.8,1.2,83.3
C-1019,2023-2024,2023-04-29,gravedad,126.5,1.1,85.4
C-1019,2023-2024,2023-05-06,gravedad,127.7,1.6,75.0
C-1019,2023-2024,2023-05-13,gravedad,130.8,1.5,90.1
C-1019,2023-2024,2023-05-20,gravedad,164.7,1.3,95.8
C-1019,2023-2024,2023-05-27,gravedad,137.9,1.1,73.7
C-1019,2023-2024,2023-06-03,gravedad,137.1,1.4,76.8
C-1019,2023-2024,2023-06-10,gravedad,149.9,1.2,79.1
C-1019,2023-2024,2023-06-17,gravedad,179.8,2.0,82.2
C-1019,2023-2024,2023-06-24,gravedad,122.6,1.3,78.9
C-1019,2023-2024,2023-07-01,gravedad,129.0,1.2,100.0
C-1019,2023-2024,2023-07-08,gravedad,136.4,1.6,74.4
C-1019,2023-2024,2023-07-15,gravedad,140.9,1.0,84.4
C-1019,2023-2024,2023-07-22,gravedad,156.4,1.6,82.7
C-1019,2023-2024,2023-07-29,gravedad,123.3,0.9,72.7
C-1019,2023-2024,2023-08-05,gravedad,116.7,1.0,85.5
C-1019,2023-2024,2023-08-12,gravedad,162.8,1.2,86.2
C-1019,2023-2024,2023-08-19,gravedad,104.5,0.9,81.4
C-1019,2023-2024,2023-08-26,gravedad,155.3,1.9,72.1
C-1019,2023-2024,2023-09-02,gravedad,110.1,1.1,84.5
C-1019,2023-2024,2023-09-09,gravedad,156.7,1.8,72.2
C-1019,2023-2024,2023-09-16,gravedad,126.6,1.2,69.1
C-1019,2023-2024,2023-09-23,gravedad,111.7,1.2,80.7
C-1019,2023-2024,2023-09-30,gravedad,116.8,1.3,88.5
C-1019,2023-2024,2023-10-07,gravedad,114.3,1.0,88.2
C-1019,2023-2024,2023-10-14,gravedad,133.1,1.0,89.3
C-1019,2023-2024,2023-10-21,gravedad,135.5,1.4,83.4
C-1019,2023-2024,2023-10-28,gravedad,134.7,1.6,82.6
C-1019,2023-2024,2023-11-04,gravedad,163.7,1.8,80.3
C-1019,2023-2024,2023-11-11,gravedad,140.7,1.3,71.8
C-1019,2023-2024,2023-11-18,gravedad,163.6,1.6,69.5
C-1019,2023-2024,2023-11-25,gravedad,167.7,1.5,88.0
C-1019,2023-2024,2023-12-02,gravedad,172.4,1.4,66.7
C-1019,2023-2024,2023-12-09,gravedad,102.7,1.3,75.3
C-1019,2023-2024,2023-12-16,gravedad,122.5,1.3,84.9
C-1019,2023-2024,2023-12-23,gravedad,111.0,1.4,92.1
C-1019,2023-2024,2023-12-30,gravedad,119.1,0.9,76.1
C-1019,2023-2024,2024-01-06,gravedad,153.6,1.3,85.9
C-1019,2023-2024,2024-01-13,gravedad,161.3,1.3,88.9
C-1019,2023-2024,2024-01-20,gravedad,123.8,1.3,82.1
C-1019,2023-2024,2024-01-27,gravedad,152.3,1.2,73.3
C-1019,2023-2024,2024-02-03,gravedad,113.2,0.9,81.5
C-1019,2023-2024,2024-02-10,gravedad,166.5,1.5,68.8
C-1019,2023-2024,2024-02-17,gravedad,162.6,1.7,82.7
C-1019,2023-2024,2024-02-24,gravedad,128.2,1.3,73.0
C-1019,2023-2024,2024-03-02,gravedad,134.8,1.0,71.3
C-1019,2023-2024,2024-03-09,gravedad,149.0,1.5,76.1
C-1019,2023-2024,2024-03-16,gravedad,150.4,1.7,79.7
C-1019,2023-2024,2024-03-23,gravedad,135.3,1.1,88.7
C-1020,2023-2024,2023-04-09,goteo,139.5,1.7,79.0
C-1020,2023-2024,2023-04-16,goteo,119.0,1.2,77.4
C-1020,2023-2024,2023-04-23,goteo,126.9,1.1,100.0
C-1020,2023-2024,2023-04-30,goteo,159.9,1.3,100.0
C-1020,2023-2024,2023-05-07,goteo,127.4,1.1,83.4
C-1020,2023-2024,2023-05-14,goteo,166.4,1.7,86.1
C-1020,2023-2024,2023-05-21,goteo,138.7,1.6,90.4
C-1020,2023-2024,2023-05-28,goteo,155.3,1.9,99.3
C-1020,2023-2024,2023-06-04,goteo,152.9,1.4,90.8
C-1020,2023-2024,2023-06-11,goteo,146.6,1.1,100.0
C-1020,2023-2024,2023-06-18,goteo,163.5,1.7,100.0
C-1020,2023-2024,2023-06-25,goteo,154.4,1.4,99.9
C-1020,2023-2024,2023-07-02,goteo,121.7,1.1,90.3
C-1020,2023-2024,2023-07-09,goteo,157.3,1.6,95.4
C-1020,2023-2024,2023-07-16,goteo,166.7,1.2,93.0
C-1020,2023-2024,2023-07-23,goteo,128.9,1.0,100.0
C-1020,2023-2024,2023-07-30,goteo,108.8,0.9,95.6
C-1020,2023-2024,2023-08-06,goteo,160.1,1.2,96.6
C-1020,2023-2024,2023-08-13,goteo,155.9,1.2,88.9
C-1020,2023-2024,2023-08-20,goteo,137.7,1.4,94.0
C-1020,2023-2024,2023-08-27,goteo,102.8,0.9,94.8
C-1020,2023-2024,2023-09-03,goteo,137.3,1.6,98.2
C-1020,2023-2024,2023-09-10,goteo,120.1,1.0,91.5
C-1020,2023-2024,2023-09-17,goteo,159.8,1.2,100.0
C-1020,2023-2024,2023-09-24,goteo,111.8,0.9,96.4
C-1020,2023-2024,2023-10-01,goteo,147.2,1.3,87.0
C-1020,2023-2024,2023-10-08,goteo,144.7,1.1,100.0
C-1020,2023-2024,2023-10-15,goteo,126.0,1.1,72.7
C-1020,2023-2024,2023-10-22,goteo,130.0,1.1,86.2
C-1020,2023-2024,2023-10-29,goteo,146.9,1.8,76.2
C-1020,2023-2024,2023-11-05,goteo,148.0,1.6,98.2
C-1020,2023-2024,2023-11-12,goteo,115.8,0.9,92.1
C-1020,2023-2024,2023-11-19,goteo,149.9,1.2,92.3
C-1020,2023-2024,2023-11-26,goteo,110.3,0.9,89.6
C-1020,2023-2024,2023-12-03,goteo,143.2,1.7,99.3
C-1020,2023-2024,2023-12-10,goteo,137.3,1.0,92.1
C-1020,2023-2024,2023-12-17,goteo,148.2,1.2,100.0
C-1020,2023-2024,2023-12-24,goteo,129.0,1.6,97.7
C-1020,2023-2024,2023-12-31,goteo,142.8,1.1,81.9
C-1020,2023-2024,2024-01-07,goteo,132.4,1.3,80.5
C-1020,2023-2024,2024-01-14,goteo,126.2,1.2,99.0
C-1020,2023-2024,2024-01-21,goteo,156.3,1.4,92.2
C-1020,2023-2024,2024-01-28,goteo,103.4,0.8,97.5
C-1020,2023-2024,2024-02-04,goteo,161.1,1.5,100.0
C-1020,2023-2024,2024-02-11,goteo,110.8,1.0,100.0
C-1020,2023-2024,2024-02-18,goteo,179.3,1.9,94.0
C-1020,2023-2024,2024-02-25,goteo,96.1,0.8,95.4
C-1020,2023-2024,2024-03-03,goteo,135.6,1.1,94.8
C-1020,2023-2024,2024-03-10,goteo,145.8,1.1,95.4
C-1020,2023-2024,2024-03-17,goteo,169.8,2.1,93.4
C-1020,2023-2024,2024-03-24,goteo,166.2,1.5,100.0
C-1020,2023-2024,2024-03-31,goteo,151.4,1.3,98.5
C-1020,2023-2024,2024-04-07,goteo,183.7,1.5,81.5
C-1020,2023-2024,2024-04-14,goteo,173.5,1.3,95.2
C-1020,2023-2024,2024-04-21,goteo,115.8,1.3,89.1
C-1021,2024-2025,2024-03-05,goteo,107.6,0.8,100.0
C-1021,2024-2025,2024-03-12,goteo,113.2,1.0,83.7
C-1021,2024-2025,2024-03-19,goteo,131.0,1.5,83.4
C-1021,2024-2025,2024-03-26,goteo,128.9,1.6,86.4
C-1021,2024-2025,2024-04-02,goteo,85.7,1.0,100.0
C-1021,2024-2025,2024-04-09,goteo,124.6,1.3,80.0
C-1021,2024-2025,2024-04-16,goteo,116.4,1.2,84.9
C-1021,2024-2025,2024-04-23,goteo,125.4,0.9,75.4
C-1021,2024-2025,2024-04-30,goteo,90.2,0.8,90.7
C-1021,2024-2025,2024-05-07,goteo,147.2,1.7,71.6
C-1021,2024-2025,2024-05-14,goteo,136.4,1.2,74.4
C-1021,2024-2025,2024-05-21,goteo,107.3,1.1,91.1
C-1021,2024-2025,2024-05-28,goteo,90.3,0.7,69.6
C-1021,2024-2025,2024-06-04,goteo,108.6,0.9,86.9
C-1021,2024-2025,2024-06-11,goteo,104.0,1.1,94.5
C-1021,2024-2025,2024-06-18,goteo,134.5,1.0,95.4
C-1021,2024-2025,2024-06-25,goteo,124.8,1.3,87.4
C-1021,2024-2025,2024-07-02,goteo,108.4,1.1,79.1
C-1021,2024-2025,2024-07-09,goteo,107.6,1.0,98.3
C-1021,2024-2025,2024-07-16,goteo,111.7,0.9,95.4
C-1021,2024-2025,2024-07-23,goteo,108.5,0.9,84.8
C-1021,2024-2025,2024-07-30,goteo,134.7,1.0,77.2
C-1021,2024-2025,2024-08-06,goteo,115.1,1.1,85.3
C-1021,2024-2025,2024-08-13,goteo,119.9,0.9,78.4
C-1021,2024-2025,2024-08-20,goteo,121.0,1.4,81.7
C-1021,2024-2025,2024-08-27,goteo,130.5,1.0,85.7
C-1021,2024-2025,2024-09-03,goteo,118.4,1.1,90.3
C-1021,2024-2025,2024-09-10,goteo,111.4,1.0,92.0
C-1021,2024-2025,2024-09-17,goteo,100.1,1.2,84.2
C-1021,2024-2025,2024-09-24,goteo,85.7,0.9,99.3
C-1021,2024-2025,2024-10-01,goteo,118.9,1.2,74.4
C-1021,2024-2025,2024-10-08,goteo,110.5,1.0,85.2
C-1021,2024-2025,2024-10-15,goteo,134.4,1.5,90.5
C-1021,2024-2025,2024-10-22,goteo,89.9,0.8,84.0
C-1021,2024-2025,2024-10-29,goteo,127.0,1.0,88.1
C-1021,2024-2025,2024-11-05,goteo,118.3,0.9,90.0
C-1021,2024-2025,2024-11-12,goteo,107.9,1.2,99.6
C-1021,2024-2025,2024-11-19,goteo,130.1,1.1,91.3
C-1021,2024-2025,2024-11-26,goteo,99.9,1.2,95.0
C-1021,2024-2025,2024-12-03,goteo,83.7,0.7,84.7
C-1021,2024-2025,2024-12-10,goteo,108.8,1.3,91.4
C-1021,2024-2025,2024-12-17,goteo,98.5,1.2,87.6
C-1021,2024-2025,2024-12-24,goteo,91.2,0.9,97.8
C-1021,2024-2025,2024-12-31,goteo,140.7,1.4,77.2
C-1021,2024-2025,2025-01-07,goteo,120.7,1.3,92.5
C-1021,2024-2025,2025-01-14,goteo,125.6,1.4,86.1
C-1021,2024-2025,2025-01-21,goteo,102.1,1.1,89.4
C-1021,2024-2025,2025-01-28,goteo,115.5,1.0,76.0
C-1021,2024-2025,2025-02-04,goteo,123.3,1.3,87.4
C-1021,2024-2025,2025-02-11,goteo,111.4,1.0,100.0
C-1021,2024-2025,2025-02-18,goteo,95.1,1.0,80.3
C-1021,2024-2025,2025-02-25,goteo,103.2,0.8,97.5
C-1022,2024-2025,2024-05-13,goteo,164.4,2.0,100.0
C-1022,2024-2025,2024-05-20,goteo,144.2,1.4,81.9
C-1022,2024-2025,2024-05-27,goteo,186.3,2.2,100.0
C-1022,2024-2025,2024-06-03,goteo,121.9,1.0,96.6
C-1022,2024-2025,2024-06-10,goteo,172.7,1.5,100.0
C-1022,2024-2025,2024-06-17,goteo,172.2,1.4,100.0
C-1022,2024-2025,2024-06-24,goteo,136.4,1.6,92.4
C-1022,2024-2025,2024-07-01,goteo,111.2,1.0,100.0
C-1022,2024-2025,2024-07-08,goteo,137.8,1.5,93.9
C-1022,2024-2025,2024-07-15,goteo,161.6,1.5,89.0
C-1022,2024-2025,2024-07-22,goteo,178.4,1.4,100.0
C-1022,2024-2025,2024-07-29,goteo,155.1,1.2,100.0
C-1022,2024-2025,2024-08-05,goteo,168.6,1.3,100.0
C-1022,2024-2025,2024-08-12,goteo,139.0,1.2,94.7
C-1022,2024-2025,2024-08-19,goteo,124.2,1.2,100.0
C-1022,2024-2025,2024-08-26,goteo,159.5,1.2,83.6
C-1022,2024-2025,2024-09-02,goteo,192.5,1.5,90.9
C-1022,2024-2025,2024-09-09,goteo,147.7,1.3,100.0
C-1022,2024-2025,2024-09-16,goteo,145.0,1.0,96.5
C-1022,2024-2025,2024-09-23,goteo,187.1,1.5,100.0
C-1022,2024-2025,2024-09-30,goteo,170.7,1.9,98.8
C-1022,2024-2025,2024-10-07,goteo,148.7,1.7,88.8
C-1022,2024-2025,2024-10-14,goteo,154.1,1.2,99.3
C-1022,2024-2025,2024-10-21,goteo,144.1,1.7,94.7
C-1022,2024-2025,2024-10-28,goteo,117.5,0.9,87.3
C-1022,2024-2025,2024-11-04,goteo,114.0,1.2,100.0
C-1022,2024-2025,2024-11-11,goteo,166.2,1.8,80.6
C-1022,2024-2025,2024-11-18,goteo,122.6,1.4,87.7
C-1022,2024-2025,2024-11-25,goteo,168.2,1.3,96.7
C-1022,2024-2025,2024-12-02,goteo,139.4,1.2,97.2
C-1022,2024-2025,2024-12-09,goteo,143.7,1.0,98.2
C-1022,2024-2025,2024-12-16,goteo,126.0,1.0,100.0
C-1022,2024-2025,2024-12-23,goteo,185.2,2.2,95.4
C-1022,2024-2025,2024-12-30,goteo,109.2,1.3,100.0
C-1022,2024-2025,2025-01-06,goteo,135.8,1.5,94.7
C-1022,2024-2025,2025-01-13,goteo,129.5,0.9,95.7
C-1022,2024-2025,2025-01-20,goteo,133.4,1.1,89.8
C-1022,2024-2025,2025-01-27,goteo,166.1,2.0,94.6
C-1022,2024-2025,2025-02-03,goteo,167.8,1.4,93.8
C-1022,2024-2025,2025-02-10,goteo,164.9,1.6,94.9
C-1022,2024-2025,2025-02-17,goteo,155.9,1.7,89.2
C-1022,2024-2025,2025-02-24,goteo,171.8,2.1,99.7
C-1022,2024-2025,2025-03-03,goteo,160.5,1.4,100.0
C-1022,2024-2025,2025-03-10,goteo,175.6,1.5,95.3
C-1022,2024-2025,2025-03-17,goteo,186.1,2.2,100.0
C-1022,2024-2025,2025-03-24,goteo,160.6,1.5,90.2
C-1022,2024-2025,2025-03-31,goteo,170.2,1.3,93.1
C-1022,2024-2025,2025-04-07,goteo,155.7,1.4,92.2
C-1022,2024-2025,2025-04-14,goteo,189.7,1.7,92.3
C-1022,2024-2025,2025-04-21,goteo,117.4,0.9,82.4
C-1023,2024-2025,2024-05-07,gravedad,241.6,2.3,67.8
C-1023,2024-2025,2024-05-14,gravedad,193.1,1.8,91.6
C-1023,2024-2025,2024-05-21,gravedad,163.0,1.3,79.7
C-1023,2024-2025,2024-05-28,gravedad,189.5,1.6,77.2
C-1023,2024-2025,2024-06-04,gravedad,165.1,1.3,84.3
C-1023,2024-2025,2024-06-11,gravedad,124.6,1.3,87.2
C-1023,2024-2025,2024-06-18,gravedad,177.9,1.7,80.6
C-1023,2024-2025,2024-06-25,gravedad,200.0,2.1,84.7
C-1023,2024-2025,2024-07-02,gravedad,193.9,1.6,77.7
C-1023,2024-2025,2024-07-09,gravedad,135.9,1.7,85.5
C-1023,2024-2025,2024-07-16,gravedad,198.0,1.4,73.9
C-1023,2024-2025,2024-07-23,gravedad,181.9,1.9,66.1
C-1023,2024-2025,2024-07-30,gravedad,179.7,1.8,73.6
C-1023,2024-2025,2024-08-06,gravedad,204.7,2.3,71.4
C-1023,2024-2025,2024-08-13,gravedad,161.8,2.0,95.4
C-1023,2024-2025,2024-08-20,gravedad,157.6,1.5,93.6
C-1023,2024-2025,2024-08-27,gravedad,160.6,1.3,69.4
C-1023,2024-2025,2024-09-03,gravedad,165.8,1.2,72.7
C-1023,2024-2025,2024-09-10,gravedad,191.6,2.0,78.6
C-1023,2024-2025,2024-09-17,gravedad,151.1,1.4,83.6
C-1023,2024-2025,2024-09-24,gravedad,195.3,1.7,74.5
C-1023,2024-2025,2024-10-01,gravedad,174.2,2.0,84.4
C-1023,2024-2025,2024-10-08,gravedad,177.0,1.4,77.0
C-1023,2024-2025,2024-10-15,gravedad,163.9,1.6,77.8
C-1023,2024-2025,2024-10-22,gravedad,151.5,1.1,82.6
C-1023,2024-2025,2024-10-29,gravedad,210.0,1.9,88.8
C-1023,2024-2025,2024-11-05,gravedad,201.6,2.0,79.5
C-1023,2024-2025,2024-11-12,gravedad,161.8,1.5,88.0
C-1023,2024-2025,2024-11-19,gravedad,176.1,1.7,72.2
C-1023,2024-2025,2024-11-26,gravedad,145.5,1.4,79.7
C-1023,2024-2025,2024-12-03,gravedad,150.4,1.3,83.4
C-1023,2024-2025,2024-12-10,gravedad,184.9,2.1,78.6
C-1023,2024-2025,2024-12-17,gravedad,165.8,1.4,80.5
C-1023,2024-2025,2024-12-24,gravedad,177.7,1.6,81.9
C-1023,2024-2025,2024-12-31,gravedad,110.6,0.9,100.0
C-1023,2024-2025,2025-01-07,gravedad,192.3,2.3,85.9
C-1023,2024-2025,2025-01-14,gravedad,151.2,1.3,78.4
C-1023,2024-2025,2025-01-21,gravedad,172.5,1.9,72.0
C-1023,2024-2025,2025-01-28,gravedad,170.4,1.7,84.3
C-1023,2024-2025,2025-02-04,gravedad,139.2,1.0,71.7
C-1023,2024-2025,2025-02-11,gravedad,212.1,1.8,72.4
C-1023,2024-2025,2025-02-18,gravedad,180.8,2.1,83.7
C-1023,2024-2025,2025-02-25,gravedad,184.5,2.1,73.0
C-1023,2024-2025,2025-03-04,gravedad,157.7,1.6,70.9
C-1023,2024-2025,2025-03-11,gravedad,180.4,1.7,83.7
C-1023,2024-2025,2025-03-18,gravedad,136.9,1.5,77.3
C-1023,2024-2025,2025-03-25,gravedad,206.1,2.4,91.1
C-1024,2024-2025,2024-03-09,gravedad,110.9,1.0,85.1
C-1024,2024-2025,2024-03-16,gravedad,105.7,1.0,78.7
C-1024,2024-2025,2024-03-23,gravedad,86.7,0.8,79.9
C-1024,2024-2025,2024-03-30,gravedad,120.3,1.1,77.4
C-1024,2024-2025,2024-04-06,gravedad,139.5,1.0,90.9
C-1024,2024-2025,2024-04-13,gravedad,120.6,1.2,76.2
C-1024,2024-2025,2024-04-20,gravedad,106.2,1.2,100.0
C-1024,2024-2025,2024-04-27,gravedad,83.7,0.9,80.1
C-1024,2024-2025,2024-05-04,gravedad,85.3,0.7,100.0
C-1024,2024-2025,2024-05-11,gravedad,102.1,1.1,70.5
C-1024,2024-2025,2024-05-18,gravedad,106.0,1.2,83.2
C-1024,2024-2025,2024-05-25,gravedad,113.6,1.3,91.0
C-1024,2024-2025,2024-06-01,gravedad,104.8,0.9,93.7
C-1024,2024-2025,2024-06-08,gravedad,110.2,1.0,94.7
C-1024,2024-2025,2024-06-15,gravedad,86.5,0.9,82.3
C-1024,2024-2025,2024-06-22,gravedad,92.6,0.7,91.2
C-1024,2024-2025,2024-06-29,gravedad,128.1,1.1,90.0
C-1024,2024-2025,2024-07-06,gravedad,129.8,1.0,88.9
C-1024,2024-2025,2024-07-13,gravedad,134.4,1.1,85.9
C-1024,2024-2025,2024-07-20,gravedad,96.2,1.0,98.3
C-1024,2024-2025,2024-07-27,gravedad,109.2,0.8,72.6
C-1024,2024-2025,2024-08-03,gravedad,109.1,1.2,82.6
C-1024,2024-2025,2024-08-10,gravedad,149.3,1.6,85.1
C-1024,2024-2025,2024-08-17,gravedad,110.4,0.9,82.3
C-1024,2024-2025,2024-08-24,gravedad,126.2,1.1,81.7
C-1024,2024-2025,2024-08-31,gravedad,131.6,1.0,92.5
C-1024,2024-2025,2024-09-07,gravedad,102.5,1.0,81.9
C-1024,2024-2025,2024-09-14,gravedad,93.6,0.8,83.4
C-1024,2024-2025,2024-09-21,gravedad,92.9,1.1,90.1
C-1024,2024-2025,2024-09-28,gravedad,113.9,0.9,83.0
C-1024,2024-2025,2024-10-05,gravedad,114.9,1.1,86.3
C-1024,2024-2025,2024-10-12,gravedad,122.3,1.4,91.0
C-1024,2024-2025,2024-10-19,gravedad,105.8,0.9,77.4
C-1024,2024-2025,2024-10-26,gravedad,96.7,0.9,79.4
C-1024,2024-2025,2024-11-02,gravedad,117.3,0.9,81.1
C-1024,2024-2025,2024-11-09,gravedad,114.7,0.8,85.9
C-1024,2024-2025,2024-11-16,gravedad,98.6,1.2,82.9
C-1024,2024-2025,2024-11-23,gravedad,126.7,1.0,83.2
C-1024,2024-2025,2024-11-30,gravedad,89.3,1.0,95.5
C-1024,2024-2025,2024-12-07,gravedad,114.5,1.0,99.8
C-1024,2024-2025,2024-12-14,gravedad,104.9,1.1,92.1
C-1024,2024-2025,2024-12-21,gravedad,96.2,1.0,91.3
C-1024,2024-2025,2024-12-28,gravedad,114.2,0.9,100.0
C-1024,2024-2025,2025-01-04,gravedad,112.8,1.0,100.0
C-1024,2024-2025,2025-01-11,gravedad,126.0,1.0,88.4
C-1024,2024-2025,2025-01-18,gravedad,113.2,1.2,77.5
C-1024,2024-2025,2025-01-25,gravedad,84.5,0.9,80.7
C-1024,2024-2025,2025-02-01,gravedad,99.4,0.8,87.0
C-1024,2024-2025,2025-02-08,gravedad,113.2,0.8,84.7
C-1024,2024-2025,2025-02-15,gravedad,119.7,1.1,82.6
C-1024,2024-2025,2025-02-22,gravedad,112.7,0.9,88.2
C-1024,2024-2025,2025-03-01,gravedad,98.6,0.9,89.1
C-1024,2024-2025,2025-03-08,gravedad,107.5,1.0,76.8
C-1024,2024-2025,2025-03-15,gravedad,94.1,0.7,87.1
C-1024,2024-2025,2025-03-22,gravedad,100.7,1.2,88.9
C-1024,2024-2025,2025-03-29,gravedad,124.7,1.3,91.6
C-1025,2024-2025,2024-03-14,goteo,129.2,1.2,88.6
C-1025,2024-2025,2024-03-21,goteo,131.7,1.1,80.9
C-1025,2024-2025,2024-03-28,goteo,123.3,1.5,76.4
C-1025,2024-2025,2024-04-04,goteo,107.8,1.0,85.0
C-1025,2024-2025,2024-04-11,goteo,104.3,1.0,80.9
C-1025,2024-2025,2024-04-18,goteo,79.4,1.0,80.4
C-1025,2024-2025,2024-04-25,goteo,116.1,1.1,71.9
C-1025,2024-2025,2024-05-02,goteo,104.3,0.7,77.8
C-1025,2024-2025,2024-05-09,goteo,111.9,1.0,90.5
C-1025,2024-2025,2024-05-16,goteo,134.3,1.1,78.7
C-1025,2024-2025,2024-05-23,goteo,137.3,1.6,75.1
C-1025,2024-2025,2024-05-30,goteo,88.3,0.7,87.7
C-1025,2024-2025,2024-06-06,goteo,159.6,1.8,75.5
C-1025,2024-2025,2024-06-13,goteo,97.8,1.2,67.5
C-1025,2024-2025,2024-06-20,goteo,128.8,1.0,85.1
C-1025,2024-2025,2024-06-27,goteo,115.0,1.3,83.0
C-1025,2024-2025,2024-07-04,goteo,105.1,1.2,78.8
C-1025,2024-2025,2024-07-11,goteo,132.8,1.5,91.9
C-1025,2024-2025,2024-07-18,goteo,145.2,1.2,86.1
C-1025,2024-2025,2024-07-25,goteo,128.9,1.2,86.0
C-1025,2024-2025,2024-08-01,goteo,104.5,1.0,90.7
C-1025,2024-2025,2024-08-08,goteo,136.4,1.2,75.8
C-1025,2024-2025,2024-08-15,goteo,107.4,1.3,73.7
C-1025,2024-2025,2024-08-22,goteo,125.3,1.4,81.0
C-1025,2024-2025,2024-08-29,goteo,137.0,1.5,79.9
C-1025,2024-2025,2024-09-05,goteo,101.5,0.9,75.5
C-1025,2024-2025,2024-09-12,goteo,125.2,1.3,73.2
C-1025,2024-2025,2024-09-19,goteo,108.1,0.9,83.3
C-1025,2024-2025,2024-09-26,goteo,101.0,1.1,80.5
C-1025,2024-2025,2024-10-03,goteo,180.6,1.5,78.6
C-1025,2024-2025,2024-10-10,goteo,144.3,1.3,82.4
C-1025,2024-2025,2024-10-17,goteo,154.6,1.6,67.8
C-1025,2024-2025,2024-10-24,goteo,111.9,1.2,84.7
C-1025,2024-2025,2024-10-31,goteo,104.0,1.2,77.2
C-1025,2024-2025,2024-11-07,goteo,125.4,1.0,90.1
C-1025,2024-2025,2024-11-14,goteo,127.1,1.2,71.0
C-1025,2024-2025,2024-11-21,goteo,128.5,0.9,79.9
C-1025,2024-2025,2024-11-28,goteo,124.4,1.0,73.5
C-1025,2024-2025,2024-12-05,goteo,117.3,1.1,90.2
C-1025,2024-2025,2024-12-12,goteo,129.8,1.0,75.7
C-1025,2024-2025,2024-12-19,goteo,99.9,1.1,84.9
C-1025,2024-2025,2024-12-26,goteo,125.0,1.0,75.4
C-1025,2024-2025,2025-01-02,goteo,140.5,1.7,70.3
C-1025,2024-2025,2025-01-09,goteo,161.0,1.8,84.7
C-1025,2024-2025,2025-01-16,goteo,126.1,0.9,75.8
C-1025,2024-2025,2025-01-23,goteo,156.8,1.3,88.2
C-1025,2024-2025,2025-01-30,goteo,129.3,1.5,91.9
C-1025,2024-2025,2025-02-06,goteo,103.9,1.0,68.5
C-1025,2024-2025,2025-02-13,goteo,82.5,0.7,75.2
C-1025,2024-2025,2025-02-20,goteo,83.5,0.7,98.6
C-1025,2024-2025,2025-02-27,goteo,143.8,1.8,81.7
C-1025,2024-2025,2025-03-06,goteo,134.8,1.3,78.9
C-1025,2024-2025,2025-03-13,goteo,119.6,1.1,86.1
C-1025,2024-2025,2025-03-20,goteo,116.6,0.9,82.1
C-1025,2024-2025,2025-03-27,goteo,143.6,1.1,85.5
C-1025,2024-2025,2025-04-03,goteo,149.6,1.4,94.6
C-1026,2024-2025,2024-03-16,goteo,150.6,1.8,89.5
C-1026,2024-2025,2024-03-23,goteo,107.4,1.3,100.0
C-1026,2024-2025,2024-03-30,goteo,90.9,0.7,100.0
C-1026,2024-2025,2024-04-06,goteo,111.7,1.3,100.0
C-1026,2024-2025,2024-04-13,goteo,119.7,1.4,96.7
C-1026,2024-2025,2024-04-20,goteo,104.5,0.9,100.0
C-1026,2024-2025,2024-04-27,goteo,101.5,1.2,86.1
C-1026,2024-2025,2024-05-04,goteo,88.2,0.7,89.0
C-1026,2024-2025,2024-05-11,goteo,104.4,0.8,96.8
C-1026,2024-2025,2024-05-18,goteo,108.6,1.2,100.0
C-1026,2024-2025,2024-05-25,goteo,97.0,1.2,98.9
C-1026,2024-2025,2024-06-01,goteo,73.2,0.5,100.0
C-1026,2024-2025,2024-06-08,goteo,74.7,0.6,100.0
C-1026,2024-2025,2024-06-15,goteo,95.4,0.8,100.0
C-1026,2024-2025,2024-06-22,goteo,94.0,0.9,89.7
C-1026,2024-2025,2024-06-29,goteo,93.8,0.9,97.8
C-1026,2024-2025,2024-07-06,goteo,118.6,1.1,84.9
C-1026,2024-2025,2024-07-13,goteo,84.6,0.9,100.0
C-1026,2024-2025,2024-07-20,goteo,107.0,0.8,100.0
C-1026,2024-2025,2024-07-27,goteo,97.4,1.0,87.4
C-1026,2024-2025,2024-08-03,goteo,122.4,0.9,100.0
C-1026,2024-2025,2024-08-10,goteo,94.0,1.1,100.0
C-1026,2024-2025,2024-08-17,goteo,90.2,1.0,94.0
C-1026,2024-2025,2024-08-24,goteo,107.3,0.9,82.4
C-1026,2024-2025,2024-08-31,goteo,87.9,1.0,95.6
C-1026,2024-2025,2024-09-07,goteo,107.9,0.9,89.8
C-1026,2024-2025,2024-09-14,goteo,126.5,1.6,91.5
C-1026,2024-2025,2024-09-21,goteo,117.6,1.0,90.3
C-1026,2024-2025,2024-09-28,goteo,101.2,0.8,97.1
C-1026,2024-2025,2024-10-05,goteo,132.7,1.6,76.0
C-1026,2024-2025,2024-10-12,goteo,106.0,1.1,95.4
C-1026,2024-2025,2024-10-19,goteo,104.8,1.3,94.6
C-1026,2024-2025,2024-10-26,goteo,110.3,1.2,87.4
C-1026,2024-2025,2024-11-02,goteo,146.9,1.3,95.8
C-1026,2024-2025,2024-11-09,goteo,78.4,0.9,87.6
C-1026,2024-2025,2024-11-16,goteo,94.3,1.0,98.8
C-1026,2024-2025,2024-11-23,goteo,109.6,1.1,100.0
C-1026,2024-2025,2024-11-30,goteo,83.0,0.6,100.0
C-1026,2024-2025,2024-12-07,goteo,109.8,1.1,96.2
C-1026,2024-2025,2024-12-14,goteo,93.9,0.7,93.0
C-1026,2024-2025,2024-12-21,goteo,70.1,0.7,94.4
C-1026,2024-2025,2024-12-28,goteo,93.7,0.8,97.9
C-1026,2024-2025,2025-01-04,goteo,87.5,0.6,98.3
C-1026,2024-2025,2025-01-11,goteo,108.9,1.0,85.8
C-1026,2024-2025,2025-01-18,goteo,102.4,0.9,86.8
C-1026,2024-2025,2025-01-25,goteo,89.7,0.9,92.1
C-1026,2024-2025,2025-02-01,goteo,94.2,0.7,97.8
C-1026,2024-2025,2025-02-08,goteo,106.2,1.2,90.3
C-1026,2024-2025,2025-02-15,goteo,67.9,0.7,98.6
C-1026,2024-2025,2025-02-22,goteo,98.3,0.8,100.0
C-1026,2024-2025,2025-03-01,goteo,77.5,0.6,85.9
C-1026,2024-2025,2025-03-08,goteo,127.9,1.0,77.4
C-1026,2024-2025,2025-03-15,goteo,78.1,0.7,91.2
C-1026,2024-2025,2025-03-22,goteo,81.0,0.6,97.5
C-1026,2024-2025,2025-03-29,goteo,108.2,1.2,100.0
C-1026,2024-2025,2025-04-05,goteo,95.3,0.9,99.9
C-1027,2024-2025,2024-04-01,aspersión,163.4,1.7,96.2
C-1027,2024-2025,2024-04-08,aspersión,110.6,1.0,76.6
C-1027,2024-2025,2024-04-15,aspersión,136.8,1.7,82.2
C-1027,2024-2025,2024-04-22,aspersión,111.8,1.0,85.5
C-1027,2024-2025,2024-04-29,aspersión,122.6,1.2,98.3
C-1027,2024-2025,2024-05-06,aspersión,130.2,1.3,81.6
C-1027,2024-2025,2024-05-13,aspersión,136.7,1.0,72.3
C-1027,2024-2025,2024-05-20,aspersión,160.1,1.6,91.9
C-1027,2024-2025,2024-05-27,aspersión,117.0,0.9,79.0
C-1027,2024-2025,2024-06-03,aspersión,156.3,1.5,88.8
C-1027,2024-2025,2024-06-10,aspersión,158.7,1.3,92.0
C-1027,2024-2025,2024-06-17,aspersión,103.7,0.9,77.9
C-1027,2024-2025,2024-06-24,aspersión,146.2,1.2,74.8
C-1027,2024-2025,2024-07-01,aspersión,128.1,1.2,85.5
C-1027,2024-2025,2024-07-08,aspersión,99.1,0.8,88.9
C-1027,2024-2025,2024-07-15,aspersión,169.6,2.0,82.5
C-1027,2024-2025,2024-07-22,aspersión,148.0,1.4,78.2
C-1027,2024-2025,2024-07-29,aspersión,138.4,1.0,85.6
C-1027,2024-2025,2024-08-05,aspersión,111.7,1.2,77.3
C-1027,2024-2025,2024-08-12,aspersión,140.2,1.8,97.1
C-1027,2024-2025,2024-08-19,aspersión,132.0,1.1,83.9
C-1027,2024-2025,2024-08-26,aspersión,105.2,1.3,90.6
C-1027,2024-2025,2024-09-02,aspersión,180.7,1.9,83.8
C-1027,2024-2025,2024-09-09,aspersión,120.4,1.3,89.0
C-1027,2024-2025,2024-09-16,aspersión,130.8,1.6,81.0
C-1027,2024-2025,2024-09-23,aspersión,151.3,1.5,85.8
C-1027,2024-2025,2024-09-30,aspersión,125.6,1.2,79.4
C-1027,2024-2025,2024-10-07,aspersión,137.7,1.1,100.0
C-1027,2024-2025,2024-10-14,aspersión,149.4,1.8,90.0
C-1027,2024-2025,2024-10-21,aspersión,136.9,1.0,92.0
C-1027,2024-2025,2024-10-28,aspersión,139.5,1.1,85.6
C-1027,2024-2025,2024-11-04,aspersión,140.4,1.2,86.4
C-1027,2024-2025,2024-11-11,aspersión,119.2,1.1,77.5
C-1027,2024-2025,2024-11-18,aspersión,140.3,1.5,100.0
C-1027,2024-2025,2024-11-25,aspersión,114.0,1.3,78.1
C-1027,2024-2025,2024-12-02,aspersión,138.2,1.2,82.1
C-1027,2024-2025,2024-12-09,aspersión,89.3,0.7,81.9
C-1027,2024-2025,2024-12-16,aspersión,102.4,0.8,75.4
C-1027,2024-2025,2024-12-23,aspersión,147.6,1.1,98.7
C-1027,2024-2025,2024-12-30,aspersión,146.6,1.2,78.6
C-1027,2024-2025,2025-01-06,aspersión,143.8,1.5,84.6
C-1027,2024-2025,2025-01-13,aspersión,157.0,1.5,86.6
C-1027,2024-2025,2025-01-20,aspersión,150.7,1.1,84.6
C-1027,2024-2025,2025-01-27,aspersión,126.1,1.5,77.5
C-1027,2024-2025,2025-02-03,aspersión,138.1,1.4,86.5
C-1027,2024-2025,2025-02-10,aspersión,152.4,1.5,84.0
C-1027,2024-2025,2025-02-17,aspersión,135.6,1.6,97.4
C-1027,2024-2025,2025-02-24,aspersión,149.8,1.7,100.0
C-1027,2024-2025,2025-03-03,aspersión,102.2,1.3,88.8
C-1027,2024-2025,2025-03-10,aspersión,113.7,1.2,77.1
C-1027,2024-2025,2025-03-17,aspersión,145.5,1.6,88.1
C-1027,2024-2025,2025-03-24,aspersión,95.2,0.7,90.4
C-1027,2024-2025,2025-03-31,aspersión,132.2,1.5,83.5
C-1028,2024-2025,2024-04-20,aspersión,112.3,1.3,96.1
C-1028,2024-2025,2024-04-27,aspersión,98.9,0.8,91.0
C-1028,2024-2025,2024-05-04,aspersión,139.5,1.6,91.0
C-1028,2024-2025,2024-05-11,aspersión,117.7,0.9,78.1
C-1028,2024-2025,2024-05-18,aspersión,120.7,1.2,90.7
C-1028,2024-2025,2024-05-25,aspersión,106.3,0.9,89.1
C-1028,2024-2025,2024-06-01,aspersión,59.3,0.7,93.3
C-1028,2024-2025,2024-06-08,aspersión,117.5,0.9,100.0
C-1028,2024-2025,2024-06-15,aspersión,115.2,1.1,96.5
C-1028,2024-2025,2024-06-22,aspersión,116.1,1.1,68.6
C-1028,2024-2025,2024-06-29,aspersión,102.2,0.8,85.3
C-1028,2024-2025,2024-07-06,aspersión,123.3,1.2,98.5
C-1028,2024-2025,2024-07-13,aspersión,105.2,0.8,92.2
C-1028,2024-2025,2024-07-20,aspersión,134.9,1.3,84.5
C-1028,2024-2025,2024-07-27,aspersión,124.1,1.5,90.1
C-1028,2024-2025,2024-08-03,aspersión,105.3,1.0,91.1
C-1028,2024-2025,2024-08-10,aspersión,122.6,1.1,85.3
C-1028,2024-2025,2024-08-17,aspersión,115.5,1.3,100.0
C-1028,2024-2025,2024-08-24,aspersión,122.4,1.1,87.7
C-1028,2024-2025,2024-08-31,aspersión,119.3,1.1,89.7
C-1028,2024-2025,2024-09-07,aspersión,92.6,1.1,79.0
C-1028,2024-2025,2024-09-14,aspersión,103.0,1.1,100.0
C-1028,2024-2025,2024-09-21,aspersión,103.1,1.0,83.7
C-1028,2024-2025,2024-09-28,aspersión,137.5,1.5,80.1
C-1028,2024-2025,2024-10-05,aspersión,155.2,1.3,79.3
C-1028,2024-2025,2024-10-12,aspersión,109.4,0.9,94.9
C-1028,2024-2025,2024-10-19,aspersión,140.5,1.1,83.8
C-1028,2024-2025,2024-10-26,aspersión,123.1,1.5,79.9
C-1028,2024-2025,2024-11-02,aspersión,81.0,0.6,81.0
C-1028,2024-2025,2024-11-09,aspersión,90.6,0.8,78.6
C-1028,2024-2025,2024-11-16,aspersión,58.2,0.4,84.4
C-1028,2024-2025,2024-11-23,aspersión,100.1,0.7,83.2
C-1028,2024-2025,2024-11-30,aspersión,124.6,1.1,87.8
C-1028,2024-2025,2024-12-07,aspersión,96.3,0.9,82.0
C-1028,2024-2025,2024-12-14,aspersión,112.9,0.9,80.6
C-1028,2024-2025,2024-12-21,aspersión,126.5,1.0,84.6
C-1028,2024-2025,2024-12-28,aspersión,112.5,1.4,81.2
C-1028,2024-2025,2025-01-04,aspersión,111.3,1.3,80.6
C-1028,2024-2025,2025-01-11,aspersión,83.3,0.9,92.7
C-1028,2024-2025,2025-01-18,aspersión,98.6,0.7,95.2
C-1028,2024-2025,2025-01-25,aspersión,131.6,1.0,100.0
C-1028,2024-2025,2025-02-01,aspersión,97.1,0.8,87.3
C-1028,2024-2025,2025-02-08,aspersión,102.7,0.9,89.4
C-1028,2024-2025,2025-02-15,aspersión,114.6,0.8,91.2
C-1028,2024-2025,2025-02-22,aspersión,123.3,1.4,79.4
C-1028,2024-2025,2025-03-01,aspersión,136.7,1.1,83.2
C-1028,2024-2025,2025-03-08,aspersión,99.8,1.2,82.5
C-1028,2024-2025,2025-03-15,aspersión,88.9,0.7,86.6
C-1028,2024-2025,2025-03-22,aspersión,100.3,0.9,90.5
C-1028,2024-2025,2025-03-29,aspersión,114.5,0.9,87.2
C-1028,2024-2025,2025-04-05,aspersión,116.0,1.1,87.4
C-1028,2024-2025,2025-04-12,aspersión,127.9,1.2,94.5
C-1028,2024-2025,2025-04-19,aspersión,102.0,0.8,90.3
C-1028,2024-2025,2025-04-26,aspersión,122.1,1.0,91.5
C-1028,2024-2025,2025-05-03,aspersión,104.3,1.1,92.6
C-1029,2024-2025,2024-04-15,goteo,138.5,1.2,72.6
C-1029,2024-2025,2024-04-22,goteo,138.0,1.1,86.7
C-1029,2024-2025,2024-04-29,goteo,143.1,1.7,80.9
C-1029,2024-2025,2024-05-06,goteo,88.9,1.0,79.3
C-1029,2024-2025,2024-05-13,goteo,143.1,1.5,88.7
C-1029,2024-2025,2024-05-20,goteo,143.9,1.5,82.3
C-1029,2024-2025,2024-05-27,goteo,143.8,1.6,77.4
C-1029,2024-2025,2024-06-03,goteo,202.0,1.6,76.6
C-1029,2024-2025,2024-06-10,goteo,151.1,1.8,86.9
C-1029,2024-2025,2024-06-17,goteo,169.6,1.4,77.5
C-1029,2024-2025,2024-06-24,goteo,148.7,1.3,79.1
C-1029,2024-2025,2024-07-01,goteo,146.9,1.2,85.7
C-1029,2024-2025,2024-07-08,goteo,123.3,1.3,65.7
C-1029,2024-2025,2024-07-15,goteo,170.8,1.4,83.7
C-1029,2024-2025,2024-07-22,goteo,118.8,1.0,74.8
C-1029,2024-2025,2024-07-29,goteo,155.0,1.4,71.8
C-1029,2024-2025,2024-08-05,goteo,138.8,1.3,100.0
C-1029,2024-2025,2024-08-12,goteo,158.0,1.4,89.4
C-1029,2024-2025,2024-08-19,goteo,159.5,1.2,88.2
C-1029,2024-2025,2024-08-26,goteo,117.2,1.0,81.3
C-1029,2024-2025,2024-09-02,goteo,91.1,0.9,84.9
C-1029,2024-2025,2024-09-09,goteo,145.8,1.2,72.9
C-1029,2024-2025,2024-09-16,goteo,121.6,1.1,80.0
C-1029,2024-2025,2024-09-23,goteo,143.3,1.3,72.9
C-1029,2024-2025,2024-09-30,goteo,158.3,1.2,67.3
C-1029,2024-2025,2024-10-07,goteo,121.3,0.9,95.6
C-1029,2024-2025,2024-10-14,goteo,164.3,1.8,54.8
C-1029,2024-2025,2024-10-21,goteo,167.8,1.6,88.8
C-1029,2024-2025,2024-10-28,goteo,131.2,1.0,86.5
C-1029,2024-2025,2024-11-04,goteo,141.0,1.4,79.9
C-1029,2024-2025,2024-11-11,goteo,163.5,1.2,87.5
C-1029,2024-2025,2024-11-18,goteo,140.7,1.5,95.5
C-1029,2024-2025,2024-11-25,goteo,137.5,1.4,79.2
C-1029,2024-2025,2024-12-02,goteo,152.7,1.2,79.6
C-1029,2024-2025,2024-12-09,goteo,150.3,1.7,60.8
C-1029,2024-2025,2024-12-16,goteo,193.9,1.6,84.4
C-1029,2024-2025,2024-12-23,goteo,119.9,1.4,74.3
C-1029,2024-2025,2024-12-30,goteo,184.5,1.6,85.8
C-1029,2024-2025,2025-01-06,goteo,136.4,1.1,77.7
C-1029,2024-2025,2025-01-13,goteo,180.3,1.9,69.2
C-1029,2024-2025,2025-01-20,goteo,107.0,0.8,73.2
C-1029,2024-2025,2025-01-27,goteo,114.6,0.9,63.6
C-1029,2024-2025,2025-02-03,goteo,128.1,1.0,82.9
C-1029,2024-2025,2025-02-10,goteo,155.4,1.4,67.4
C-1029,2024-2025,2025-02-17,goteo,125.4,1.6,86.7
C-1029,2024-2025,2025-02-24,goteo,171.7,2.1,73.8
C-1029,2024-2025,2025-03-03,goteo,151.8,1.8,78.1
C-1029,2024-2025,2025-03-10,goteo,197.4,1.7,77.8
C-1029,2024-2025,2025-03-17,goteo,178.7,1.9,74.6
C-1029,2024-2025,2025-03-24,goteo,139.2,1.0,66.9
C-1029,2024-2025,2025-03-31,goteo,164.7,1.8,83.8
C-1029,2024-2025,2025-04-07,goteo,131.5,1.1,72.5
C-1029,2024-2025,2025-04-14,goteo,143.7,1.7,80.5
C-1029,2024-2025,2025-04-21,goteo,124.3,1.0,68.9
C-1030,2024-2025,2024-05-15,goteo,81.7,0.9,100.0
C-1030,2024-2025,2024-05-22,goteo,105.3,0.9,91.2
C-1030,2024-2025,2024-05-29,goteo,89.0,0.7,95.0
C-1030,2024-2025,2024-06-05,goteo,92.8,0.9,97.2
C-1030,2024-2025,2024-06-12,goteo,100.1,0.8,98.6
C-1030,2024-2025,2024-06-19,goteo,114.0,1.0,88.3
C-1030,2024-2025,2024-06-26,goteo,80.8,0.9,93.2
C-1030,2024-2025,2024-07-03,goteo,95.6,0.9,100.0
C-1030,2024-2025,2024-07-10,goteo,101.3,0.7,83.3
C-1030,2024-2025,2024-07-17,goteo,97.9,0.8,100.0
C-1030,2024-2025,2024-07-24,goteo,127.5,1.2,100.0
C-1030,2024-2025,2024-07-31,goteo,82.9,1.0,99.2
C-1030,2024-2025,2024-08-07,goteo,85.6,1.0,100.0
C-1030,2024-2025,2024-08-14,goteo,81.1,0.9,100.0
C-1030,2024-2025,2024-08-21,goteo,71.7,0.5,100.0
C-1030,2024-2025,2024-08-28,goteo,111.0,1.2,100.0
C-1030,2024-2025,2024-09-04,goteo,99.6,1.1,88.7
C-1030,2024-2025,2024-09-11,goteo,113.2,0.9,100.0
C-1030,2024-2025,2024-09-18,goteo,118.6,1.3,100.0
C-1030,2024-2025,2024-09-25,goteo,83.6,1.0,100.0
C-1030,2024-2025,2024-10-02,goteo,91.3,0.8,100.0
C-1030,2024-2025,2024-10-09,goteo,72.6,0.9,92.4
C-1030,2024-2025,2024-10-16,goteo,102.2,1.0,97.9
C-1030,2024-2025,2024-10-23,goteo,85.9,0.8,100.0
C-1030,2024-2025,2024-10-30,goteo,117.0,1.2,99.8
C-1030,2024-2025,2024-11-06,goteo,109.1,1.1,93.4
C-1030,2024-2025,2024-11-13,goteo,95.7,0.7,100.0
C-1030,2024-2025,2024-11-20,goteo,126.9,1.4,83.0
C-1030,2024-2025,2024-11-27,goteo,105.7,1.2,94.7
C-1030,2024-2025,2024-12-04,goteo,106.0,1.3,96.1
C-1030,2024-2025,2024-12-11,goteo,87.4,0.7,96.7
C-1030,2024-2025,2024-12-18,goteo,80.7,0.8,100.0
C-1030,2024-2025,2024-12-25,goteo,94.3,0.9,100.0
C-1030,2024-2025,2025-01-01,goteo,57.1,0.5,95.0
C-1030,2024-2025,2025-01-08,goteo,99.0,0.8,100.0
C-1030,2024-2025,2025-01-15,goteo,86.5,0.9,100.0
C-1030,2024-2025,2025-01-22,goteo,72.0,0.6,88.5
C-1030,2024-2025,2025-01-29,goteo,103.0,1.1,100.0
C-1030,2024-2025,2025-02-05,goteo,89.7,1.0,87.5
C-1030,2024-2025,2025-02-12,goteo,95.9,0.7,94.6
C-1030,2024-2025,2025-02-19,goteo,103.1,0.9,97.3
C-1030,2024-2025,2025-02-26,goteo,108.2,1.0,92.9
C-1030,2024-2025,2025-03-05,goteo,93.1,0.9,94.4
C-1030,2024-2025,2025-03-12,goteo,103.1,1.2,87.3
C-1030,2024-2025,2025-03-19,goteo,72.9,0.5,93.5
C-1030,2024-2025,2025-03-26,goteo,101.3,1.1,89.8
C-1030,2024-2025,2025-04-02,goteo,76.4,0.6,100.0
C-1030,2024-2025,2025-04-09,goteo,102.0,1.2,92.5
C-1030,2024-2025,2025-04-16,goteo,89.4,0.8,100.0
C-1031,2024-2025,2024-03-23,gravedad,99.3,1.0,81.0
C-1031,2024-2025,2024-03-30,gravedad,79.9,0.7,88.4
C-1031,2024-2025,2024-04-06,gravedad,83.2,0.7,74.3
C-1031,2024-2025,2024-04-13,gravedad,100.2,1.1,99.4
C-1031,2024-2025,2024-04-20,gravedad,84.7,0.9,77.6
C-1031,2024-2025,2024-04-27,gravedad,94.5,1.0,76.1
C-1031,2024-2025,2024-05-04,gravedad,70.9,0.8,82.8
C-1031,2024-2025,2024-05-11,gravedad,90.2,0.7,72.3
C-1031,2024-2025,2024-05-18,gravedad,102.9,1.2,81.3
C-1031,2024-2025,2024-05-25,gravedad,71.9,0.6,97.5
C-1031,2024-2025,2024-06-01,gravedad,90.7,1.0,98.1
C-1031,2024-2025,2024-06-08,gravedad,76.0,0.9,89.2
C-1031,2024-2025,2024-06-15,gravedad,81.8,0.7,89.9
C-1031,2024-2025,2024-06-22,gravedad,85.8,0.7,95.8
C-1031,2024-2025,2024-06-29,gravedad,72.8,0.9,87.0
C-1031,2024-2025,2024-07-06,gravedad,89.9,0.8,96.5
C-1031,2024-2025,2024-07-13,gravedad,76.7,0.9,85.5
C-1031,2024-2025,2024-07-20,gravedad,84.7,0.6,87.1
C-1031,2024-2025,2024-07-27,gravedad,101.2,0.8,92.7
C-1031,2024-2025,2024-08-03,gravedad,86.2,1.0,83.9
C-1031,2024-2025,2024-08-10,gravedad,72.7,0.8,90.1
C-1031,2024-2025,2024-08-17,gravedad,82.5,0.6,99.8
C-1031,2024-2025,2024-08-24,gravedad,72.8,0.7,77.9
C-1031,2024-2025,2024-08-31,gravedad,111.3,0.8,93.2
C-1031,2024-2025,2024-09-07,gravedad,68.2,0.7,93.4
C-1031,2024-2025,2024-09-14,gravedad,82.1,0.9,100.0
C-1031,2024-2025,2024-09-21,gravedad,73.2,0.9,82.3
C-1031,2024-2025,2024-09-28,gravedad,105.9,1.0,88.3
C-1031,2024-2025,2024-10-05,gravedad,85.8,0.9,96.5
C-1031,2024-2025,2024-10-12,gravedad,80.5,0.6,94.2
C-1031,2024-2025,2024-10-19,gravedad,82.9,0.7,89.4
C-1031,2024-2025,2024-10-26,gravedad,95.5,1.1,94.0
C-1031,2024-2025,2024-11-02,gravedad,95.6,1.1,83.7
C-1031,2024-2025,2024-11-09,gravedad,93.7,1.0,78.0
C-1031,2024-2025,2024-11-16,gravedad,81.1,0.7,85.3
C-1031,2024-2025,2024-11-23,gravedad,104.3,0.8,100.0
C-1031,2024-2025,2024-11-30,gravedad,88.7,0.9,81.9
C-1031,2024-2025,2024-12-07,gravedad,85.5,0.6,78.4
C-1031,2024-2025,2024-12-14,gravedad,78.4,0.7,92.7
C-1031,2024-2025,2024-12-21,gravedad,91.2,0.8,93.1
C-1031,2024-2025,2024-12-28,gravedad,83.0,0.8,85.5
C-1031,2024-2025,2025-01-04,gravedad,99.2,0.8,90.2
C-1031,2024-2025,2025-01-11,gravedad,105.6,0.8,89.4
C-1031,2024-2025,2025-01-18,gravedad,68.6,0.5,88.7
C-1031,2024-2025,2025-01-25,gravedad,85.9,0.7,94.6
C-1031,2024-2025,2025-02-01,gravedad,74.1,0.6,93.3
C-1031,2024-2025,2025-02-08,gravedad,77.3,0.6,88.9
C-1031,2024-2025,2025-02-15,gravedad,66.4,0.8,90.8
C-1031,2024-2025,2025-02-22,gravedad,73.8,0.7,74.2
C-1031,2024-2025,2025-03-01,gravedad,71.3,0.7,100.0
C-1032,2024-2025,2024-03-20,goteo,92.5,0.8,82.1
C-1032,2024-2025,2024-03-27,goteo,122.7,1.3,100.0
C-1032,2024-2025,2024-04-03,goteo,113.4,1.0,84.4
C-1032,2024-2025,2024-04-10,goteo,84.4,1.0,89.2
C-1032,2024-2025,2024-04-17,goteo,135.9,1.5,91.5
C-1032,2024-2025,2024-04-24,goteo,102.4,1.1,95.7
C-1032,2024-2025,2024-05-01,goteo,95.3,0.9,90.6
C-1032,2024-2025,2024-05-08,goteo,101.0,0.7,94.3
C-1032,2024-2025,2024-05-15,goteo,113.6,1.3,90.3
C-1032,2024-2025,2024-05-22,goteo,77.3,0.9,88.0
C-1032,2024-2025,2024-05-29,goteo,97.3,0.8,82.2
C-1032,2024-2025,2024-06-05,goteo,77.1,0.8,87.8
C-1032,2024-2025,2024-06-12,goteo,73.1,0.8,86.6
C-1032,2024-2025,2024-06-19,goteo,75.0,0.6,95.6
C-1032,2024-2025,2024-06-26,goteo,86.0,0.7,94.0
C-1032,2024-2025,2024-07-03,goteo,83.7,1.0,99.3
C-1032,2024-2025,2024-07-10,goteo,106.2,1.1,97.1
C-1032,2024-2025,2024-07-17,goteo,66.0,0.5,92.9
C-1032,2024-2025,2024-07-24,goteo,108.0,0.8,90.1
C-1032,2024-2025,2024-07-31,goteo,89.9,0.8,87.2
C-1032,2024-2025,2024-08-07,goteo,106.0,0.9,85.4
C-1032,2024-2025,2024-08-14,goteo,122.5,0.9,87.8
C-1032,2024-2025,2024-08-21,goteo,81.4,0.9,83.8
C-1032,2024-2025,2024-08-28,goteo,91.2,0.7,84.1
C-1032,2024-2025,2024-09-04,goteo,104.9,0.8,98.2
C-1032,2024-2025,2024-09-11,goteo,95.7,0.7,87.9
C-1032,2024-2025,2024-09-18,goteo,108.6,0.9,82.7
C-1032,2024-2025,2024-09-25,goteo,92.4,0.7,100.0
C-1032,2024-2025,2024-10-02,goteo,114.6,1.2,79.7
C-1032,2024-2025,2024-10-09,goteo,100.6,1.1,77.8
C-1032,2024-2025,2024-10-16,goteo,97.1,1.1,96.9
C-1032,2024-2025,2024-10-23,goteo,100.8,0.7,81.8
C-1032,2024-2025,2024-10-30,goteo,92.3,0.7,73.7
C-1032,2024-2025,2024-11-06,goteo,104.2,1.0,96.7
C-1032,2024-2025,2024-11-13,goteo,109.4,0.9,94.4
C-1032,2024-2025,2024-11-20,goteo,84.5,0.9,90.7
C-1032,2024-2025,2024-11-27,goteo,87.1,0.8,100.0
C-1032,2024-2025,2024-12-04,goteo,72.3,0.8,81.8
C-1032,2024-2025,2024-12-11,goteo,106.5,1.1,92.8
C-1032,2024-2025,2024-12-18,goteo,80.5,0.9,97.1
C-1032,2024-2025,2024-12-25,goteo,118.7,1.4,82.5
C-1032,2024-2025,2025-01-01,goteo,98.5,1.0,90.5
C-1032,2024-2025,2025-01-08,goteo,114.3,0.9,89.4
C-1032,2024-2025,2025-01-15,goteo,102.5,0.9,83.6
C-1032,2024-2025,2025-01-22,goteo,82.4,0.6,99.2
C-1032,2024-2025,2025-01-29,goteo,115.0,1.1,90.8
C-1032,2024-2025,2025-02-05,goteo,89.4,0.7,95.4
C-1033,2024-2025,2024-05-24,aspersión,57.4,0.4,98.6
C-1033,2024-2025,2024-05-31,aspersión,67.7,0.5,100.0
C-1033,2024-2025,2024-06-07,aspersión,81.5,0.6,100.0
C-1033,2024-2025,2024-06-14,aspersión,75.1,0.7,94.8
C-1033,2024-2025,2024-06-21,aspersión,59.4,0.7,100.0
C-1033,2024-2025,2024-06-28,aspersión,88.6,1.0,100.0
C-1033,2024-2025,2024-07-05,aspersión,73.7,0.8,100.0
C-1033,2024-2025,2024-07-12,aspersión,71.1,0.8,100.0
C-1033,2024-2025,2024-07-19,aspersión,57.2,0.7,100.0
C-1033,2024-2025,2024-07-26,aspersión,71.2,0.6,100.0
C-1033,2024-2025,2024-08-02,aspersión,70.0,0.6,83.9
C-1033,2024-2025,2024-08-09,aspersión,67.2,0.8,90.5
C-1033,2024-2025,2024-08-16,aspersión,82.6,0.7,99.8
C-1033,2024-2025,2024-08-23,aspersión,62.2,0.6,100.0
C-1033,2024-2025,2024-08-30,aspersión,59.6,0.7,100.0
C-1033,2024-2025,2024-09-06,aspersión,48.2,0.4,96.6
C-1033,2024-2025,2024-09-13,aspersión,66.6,0.8,100.0
C-1033,2024-2025,2024-09-20,aspersión,87.6,0.9,100.0
C-1033,2024-2025,2024-09-27,aspersión,88.3,0.9,100.0
C-1033,2024-2025,2024-10-04,aspersión,68.0,0.5,100.0
C-1033,2024-2025,2024-10-11,aspersión,71.1,0.7,95.0
C-1033,2024-2025,2024-10-18,aspersión,68.8,0.8,99.9
C-1033,2024-2025,2024-10-25,aspersión,64.8,0.6,100.0
C-1033,2024-2025,2024-11-01,aspersión,80.5,0.9,94.7
C-1033,2024-2025,2024-11-08,aspersión,71.9,0.7,100.0
C-1033,2024-2025,2024-11-15,aspersión,55.2,0.6,92.6
C-1033,2024-2025,2024-11-22,aspersión,65.3,0.6,88.6
C-1033,2024-2025,2024-11-29,aspersión,51.5,0.4,100.0
C-1033,2024-2025,2024-12-06,aspersión,74.3,0.8,100.0
C-1033,2024-2025,2024-12-13,aspersión,50.0,0.4,97.5
C-1033,2024-2025,2024-12-20,aspersión,75.4,0.6,100.0
C-1033,2024-2025,2024-12-27,aspersión,70.4,0.6,87.3
C-1033,2024-2025,2025-01-03,aspersión,68.3,0.5,100.0
C-1033,2024-2025,2025-01-10,aspersión,75.9,0.7,95.7
C-1033,2024-2025,2025-01-17,aspersión,77.4,0.6,86.9
C-1033,2024-2025,2025-01-24,aspersión,74.2,0.7,97.9
C-1033,2024-2025,2025-01-31,aspersión,55.6,0.6,90.4
C-1033,2024-2025,2025-02-07,aspersión,66.2,0.5,100.0
C-1033,2024-2025,2025-02-14,aspersión,61.6,0.5,100.0
C-1033,2024-2025,2025-02-21,aspersión,78.2,0.8,87.9
C-1033,2024-2025,2025-02-28,aspersión,71.2,0.5,100.0
C-1033,2024-2025,2025-03-07,aspersión,58.4,0.7,95.3
C-1033,2024-2025,2025-03-14,aspersión,67.2,0.8,100.0
C-1033,2024-2025,2025-03-21,aspersión,67.9,0.5,100.0
C-1033,2024-2025,2025-03-28,aspersión,67.4,0.5,94.3
C-1033,2024-2025,2025-04-04,aspersión,51.6,0.4,100.0
C-1033,2024-2025,2025-04-11,aspersión,69.6,0.7,93.0
C-1033,2024-2025,2025-04-18,aspersión,85.9,0.6,94.2
C-1033,2024-2025,2025-04-25,aspersión,73.8,0.7,100.0
C-1033,2024-2025,2025-05-02,aspersión,74.3,0.6,100.0
C-1033,2024-2025,2025-05-09,aspersión,66.3,0.6,98.9
C-1033,2024-2025,2025-05-16,aspersión,58.0,0.6,100.0
C-1033,2024-2025,2025-05-23,aspersión,83.0,0.7,100.0
C-1033,2024-2025,2025-05-30,aspersión,65.0,0.5,100.0
C-1033,2024-2025,2025-06-06,aspersión,64.0,0.8,91.5
C-1034,2024-2025,2024-04-01,gravedad,137.4,1.7,89.0
C-1034,2024-2025,2024-04-08,gravedad,138.1,1.2,97.0
C-1034,2024-2025,2024-04-15,gravedad,152.1,1.4,100.0
C-1034,2024-2025,2024-04-22,gravedad,161.4,1.9,89.0
C-1034,2024-2025,2024-04-29,gravedad,111.9,0.9,78.1
C-1034,2024-2025,2024-05-06,gravedad,121.6,1.0,100.0
C-1034,2024-2025,2024-05-13,gravedad,132.1,1.6,100.0
C-1034,2024-2025,2024-05-20,gravedad,139.1,1.5,93.0
C-1034,2024-2025,2024-05-27,gravedad,83.6,1.0,91.0
C-1034,2024-2025,2024-06-03,gravedad,126.9,1.0,92.8
C-1034,2024-2025,2024-06-10,gravedad,102.4,1.0,100.0
C-1034,2024-2025,2024-06-17,gravedad,133.0,1.3,84.6
C-1034,2024-2025,2024-06-24,gravedad,113.8,1.1,93.7
C-1034,2024-2025,2024-07-01,gravedad,126.9,1.2,100.0
C-1034,2024-2025,2024-07-08,gravedad,106.9,1.1,100.0
C-1034,2024-2025,2024-07-15,gravedad,110.3,0.9,95.6
C-1034,2024-2025,2024-07-22,gravedad,98.9,0.9,98.6
C-1034,2024-2025,2024-07-29,gravedad,121.2,1.4,91.2
C-1034,2024-2025,2024-08-05,gravedad,136.9,1.4,98.2
C-1034,2024-2025,2024-08-12,gravedad,132.2,1.0,89.8
C-1034,2024-2025,2024-08-19,gravedad,83.9,0.8,87.2
C-1034,2024-2025,2024-08-26,gravedad,128.0,1.0,100.0
C-1034,2024-2025,2024-09-02,gravedad,102.8,0.8,100.0
C-1034,2024-2025,2024-09-09,gravedad,157.7,1.5,99.6
C-1034,2024-2025,2024-09-16,gravedad,106.5,1.0,95.6
C-1034,2024-2025,2024-09-23,gravedad,136.0,1.5,95.5
C-1034,2024-2025,2024-09-30,gravedad,128.6,1.1,100.0
C-1034,2024-2025,2024-10-07,gravedad,114.6,0.9,100.0
C-1034,2024-2025,2024-10-14,gravedad,172.3,1.3,86.3
C-1034,2024-2025,2024-10-21,gravedad,110.9,0.9,100.0
C-1034,2024-2025,2024-10-28,gravedad,102.6,0.8,98.5
C-1034,2024-2025,2024-11-04,gravedad,141.7,1.1,84.4
C-1034,2024-2025,2024-11-11,gravedad,137.2,1.2,96.3
C-1034,2024-2025,2024-11-18,gravedad,133.1,1.0,90.1
C-1034,2024-2025,2024-11-25,gravedad,144.8,1.6,100.0
C-1034,2024-2025,2024-12-02,gravedad,153.7,1.8,92.5
C-1034,2024-2025,2024-12-09,gravedad,128.4,1.5,100.0
C-1034,2024-2025,2024-12-16,gravedad,121.9,1.0,97.4
C-1034,2024-2025,2024-12-23,gravedad,128.7,1.3,100.0
C-1034,2024-2025,2024-12-30,gravedad,134.1,1.4,95.4
C-1034,2024-2025,2025-01-06,gravedad,112.0,0.8,94.2
C-1034,2024-2025,2025-01-13,gravedad,157.3,1.3,100.0
C-1034,2024-2025,2025-01-20,gravedad,132.6,1.3,86.8
C-1034,2024-2025,2025-01-27,gravedad,121.4,1.0,98.7
C-1034,2024-2025,2025-02-03,gravedad,134.3,1.6,91.4
C-1034,2024-2025,2025-02-10,gravedad,112.6,0.8,100.0
C-1034,2024-2025,2025-02-17,gravedad,118.1,1.1,96.1
C-1034,2024-2025,2025-02-24,gravedad,126.1,1.5,100.0
C-1034,2024-2025,2025-03-03,gravedad,129.0,1.2,83.4
C-1034,2024-2025,2025-03-10,gravedad,116.3,1.4,100.0
C-1035,2024-2025,2024-05-25,goteo,183.5,1.7,90.9
C-1035,2024-2025,2024-06-01,goteo,206.1,1.8,97.7
C-1035,2024-2025,2024-06-08,goteo,93.5,0.7,85.5
C-1035,2024-2025,2024-06-15,goteo,103.6,0.9,94.7
C-1035,2024-2025,2024-06-22,goteo,168.8,1.4,82.2
C-1035,2024-2025,2024-06-29,goteo,115.4,1.4,99.5
C-1035,2024-2025,2024-07-06,goteo,187.2,1.7,73.4
C-1035,2024-2025,2024-07-13,goteo,139.7,1.1,85.9
C-1035,2024-2025,2024-07-20,goteo,169.5,1.3,91.7
C-1035,2024-2025,2024-07-27,goteo,174.5,1.4,84.1
C-1035,2024-2025,2024-08-03,goteo,113.2,0.9,85.6
C-1035,2024-2025,2024-08-10,goteo,164.1,1.2,87.5
C-1035,2024-2025,2024-08-17,goteo,153.7,1.5,93.5
C-1035,2024-2025,2024-08-24,goteo,157.8,1.4,84.0
C-1035,2024-2025,2024-08-31,goteo,144.5,1.2,81.1
C-1035,2024-2025,2024-09-07,goteo,169.3,1.4,83.1
C-1035,2024-2025,2024-09-14,goteo,152.2,1.3,72.4
C-1035,2024-2025,2024-09-21,goteo,169.2,1.3,92.3
C-1035,2024-2025,2024-09-28,goteo,147.3,1.5,82.5
C-1035,2024-2025,2024-10-05,goteo,139.0,1.1,71.7
C-1035,2024-2025,2024-10-12,goteo,196.8,1.9,90.3
C-1035,2024-2025,2024-10-19,goteo,138.5,1.5,82.7
C-1035,2024-2025,2024-10-26,goteo,153.6,1.3,90.8
C-1035,2024-2025,2024-11-02,goteo,212.9,1.8,82.3
C-1035,2024-2025,2024-11-09,goteo,145.4,1.1,83.3
C-1035,2024-2025,2024-11-16,goteo,187.5,2.0,85.7
C-1035,2024-2025,2024-11-23,goteo,136.2,1.4,93.6
C-1035,2024-2025,2024-11-30,goteo,170.4,1.3,79.1
C-1035,2024-2025,2024-12-07,goteo,180.9,2.1,88.6
C-1035,2024-2025,2024-12-14,goteo,221.8,1.7,83.6
C-1035,2024-2025,2024-12-21,goteo,159.9,1.9,93.8
C-1035,2024-2025,2024-12-28,goteo,171.4,1.5,91.9
C-1035,2024-2025,2025-01-04,goteo,160.5,1.4,86.7
C-1035,2024-2025,2025-01-11,goteo,164.7,1.3,81.2
C-1035,2024-2025,2025-01-18,goteo,187.6,1.4,68.3
C-1035,2024-2025,2025-01-25,goteo,160.8,1.8,85.9
C-1035,2024-2025,2025-02-01,goteo,152.0,1.7,89.1
C-1035,2024-2025,2025-02-08,goteo,175.9,1.6,94.6
C-1035,2024-2025,2025-02-15,goteo,178.4,1.5,90.2
C-1035,2024-2025,2025-02-22,goteo,175.7,1.9,92.5
C-1035,2024-2025,2025-03-01,goteo,116.4,1.1,79.6
C-1035,2024-2025,2025-03-08,goteo,156.9,1.8,88.1
C-1035,2024-2025,2025-03-15,goteo,186.9,1.4,78.5
C-1035,2024-2025,2025-03-22,goteo,165.8,1.3,84.0
C-1035,2024-2025,2025-03-29,goteo,167.8,1.9,100.0
C-1035,2024-2025,2025-04-05,goteo,173.7,2.1,100.0
C-1035,2024-2025,2025-04-12,goteo,151.7,1.7,81.6
C-1035,2024-2025,2025-04-19,goteo,199.7,1.5,86.7
C-1035,2024-2025,2025-04-26,goteo,189.0,1.9,85.1
C-1036,2024-2025,2024-04-27,aspersión,149.8,1.3,87.7
C-1036,2024-2025,2024-05-04,aspersión,111.3,1.0,82.0
C-1036,2024-2025,2024-05-11,aspersión,104.0,0.8,77.3
C-1036,2024-2025,2024-05-18,aspersión,100.1,1.2,100.0
C-1036,2024-2025,2024-05-25,aspersión,117.2,1.0,80.9
C-1036,2024-2025,2024-06-01,aspersión,130.9,1.0,87.0
C-1036,2024-2025,2024-06-08,aspersión,101.3,0.7,78.8
C-1036,2024-2025,2024-06-15,aspersión,114.9,1.2,84.8
C-1036,2024-2025,2024-06-22,aspersión,111.8,1.2,90.0
C-1036,2024-2025,2024-06-29,aspersión,100.9,0.8,92.4
C-1036,2024-2025,2024-07-06,aspersión,126.7,1.4,83.7
C-1036,2024-2025,2024-07-13,aspersión,92.9,1.0,82.3
C-1036,2024-2025,2024-07-20,aspersión,92.1,0.9,90.5
C-1036,2024-2025,2024-07-27,aspersión,117.8,1.1,92.9
C-1036,2024-2025,2024-08-03,aspersión,101.8,1.0,84.6
C-1036,2024-2025,2024-08-10,aspersión,115.6,1.4,83.7
C-1036,2024-2025,2024-08-17,aspersión,86.9,1.1,85.1
C-1036,2024-2025,2024-08-24,aspersión,77.7,0.8,94.5
C-1036,2024-2025,2024-08-31,aspersión,149.7,1.2,82.5
C-1036,2024-2025,2024-09-07,aspersión,90.5,0.7,88.4
C-1036,2024-2025,2024-09-14,aspersión,95.3,0.8,70.9
C-1036,2024-2025,2024-09-21,aspersión,123.6,1.3,86.5
C-1036,2024-2025,2024-09-28,aspersión,85.3,1.0,84.5
C-1036,2024-2025,2024-10-05,aspersión,108.3,1.0,98.3
C-1036,2024-2025,2024-10-12,aspersión,120.4,1.0,98.3
C-1036,2024-2025,2024-10-19,aspersión,117.8,1.1,94.8
C-1036,2024-2025,2024-10-26,aspersión,126.0,1.5,75.1
C-1036,2024-2025,2024-11-02,aspersión,94.8,0.7,93.0
C-1036,2024-2025,2024-11-09,aspersión,108.2,0.9,97.3
C-1036,2024-2025,2024-11-16,aspersión,128.0,1.0,78.5
C-1036,2024-2025,2024-11-23,aspersión,116.4,1.4,73.6
C-1036,2024-2025,2024-11-30,aspersión,103.8,0.8,90.5
C-1036,2024-2025,2024-12-07,aspersión,141.3,1.1,100.0
C-1036,2024-2025,2024-12-14,aspersión,111.4,0.9,76.5
C-1036,2024-2025,2024-12-21,aspersión,126.6,1.4,81.6
C-1036,2024-2025,2024-12-28,aspersión,129.4,0.9,95.8
C-1036,2024-2025,2025-01-04,aspersión,102.6,1.2,86.3
C-1036,2024-2025,2025-01-11,aspersión,121.2,0.9,89.7
C-1036,2024-2025,2025-01-18,aspersión,140.7,1.0,84.9
C-1036,2024-2025,2025-01-25,aspersión,122.0,1.1,100.0
C-1036,2024-2025,2025-02-01,aspersión,127.8,1.0,85.0
C-1036,2024-2025,2025-02-08,aspersión,117.9,1.3,90.2
C-1036,2024-2025,2025-02-15,aspersión,115.9,1.4,84.1
C-1036,2024-2025,2025-02-22,aspersión,105.9,1.0,100.0
C-1036,2024-2025,2025-03-01,aspersión,104.6,0.9,79.8
C-1036,2024-2025,2025-03-08,aspersión,120.2,0.9,99.8
C-1036,2024-2025,2025-03-15,aspersión,111.8,1.4,85.5
C-1036,2024-2025,2025-03-22,aspersión,117.1,0.9,87.2
C-1036,2024-2025,2025-03-29,aspersión,110.7,1.1,84.4
C-1036,2024-2025,2025-04-05,aspersión,104.6,1.0,100.0
C-1036,2024-2025,2025-04-12,aspersión,88.9,1.0,79.1
C-1036,2024-2025,2025-04-19,aspersión,106.8,0.8,91.5
C-1036,2024-2025,2025-04-26,aspersión,111.3,1.2,81.2
C-1036,2024-2025,2025-05-03,aspersión,104.5,0.9,74.1
C-1036,2024-2025,2025-05-10,aspersión,89.6,0.7,92.9
C-1037,2024-2025,2024-04-07,gravedad,119.4,1.4,72.5
C-1037,2024-2025,2024-04-14,gravedad,120.2,1.1,94.2
C-1037,2024-2025,2024-04-21,gravedad,79.5,0.6,77.3
C-1037,2024-2025,2024-04-28,gravedad,126.6,1.1,66.2
C-1037,2024-2025,2024-05-05,gravedad,120.8,1.2,79.5
C-1037,2024-2025,2024-05-12,gravedad,116.4,1.0,85.4
C-1037,2024-2025,2024-05-19,gravedad,94.4,1.0,72.8
C-1037,2024-2025,2024-05-26,gravedad,129.7,1.2,73.2
C-1037,2024-2025,2024-06-02,gravedad,135.5,1.5,99.6
C-1037,2024-2025,2024-06-09,gravedad,129.4,1.5,83.7
C-1037,2024-2025,2024-06-16,gravedad,111.4,0.8,87.9
C-1037,2024-2025,2024-06-23,gravedad,112.3,1.1,84.0
C-1037,2024-2025,2024-06-30,gravedad,130.8,1.6,81.2
C-1037,2024-2025,2024-07-07,gravedad,100.1,0.8,73.2
C-1037,2024-2025,2024-07-14,gravedad,97.1,1.0,82.7
C-1037,2024-2025,2024-07-21,gravedad,120.9,1.4,88.9
C-1037,2024-2025,2024-07-28,gravedad,106.7,0.9,85.8
C-1037,2024-2025,2024-08-04,gravedad,101.2,1.1,91.8
C-1037,2024-2025,2024-08-11,gravedad,113.4,1.2,76.7
C-1037,2024-2025,2024-08-18,gravedad,85.3,1.0,97.3
C-1037,2024-2025,2024-08-25,gravedad,112.7,1.0,86.2
C-1037,2024-2025,2024-09-01,gravedad,108.5,1.1,89.2
C-1037,2024-2025,2024-09-08,gravedad,60.4,0.5,76.4
C-1037,2024-2025,2024-09-15,gravedad,86.0,0.9,87.7
C-1037,2024-2025,2024-09-22,gravedad,82.4,0.8,90.5
C-1037,2024-2025,2024-09-29,gravedad,110.1,0.8,76.6
C-1037,2024-2025,2024-10-06,gravedad,126.2,1.3,92.9
C-1037,2024-2025,2024-10-13,gravedad,106.7,0.9,70.7
C-1037,2024-2025,2024-10-20,gravedad,107.0,0.9,73.7
C-1037,2024-2025,2024-10-27,gravedad,117.5,1.1,79.2
C-1037,2024-2025,2024-11-03,gravedad,123.4,0.9,87.2
C-1037,2024-2025,2024-11-10,gravedad,135.9,1.3,87.5
C-1037,2024-2025,2024-11-17,gravedad,104.4,0.9,82.0
C-1037,2024-2025,2024-11-24,gravedad,118.3,1.3,90.4
C-1037,2024-2025,2024-12-01,gravedad,144.4,1.5,73.6
C-1037,2024-2025,2024-12-08,gravedad,87.3,0.7,83.9
C-1037,2024-2025,2024-12-15,gravedad,123.8,1.1,91.0
C-1037,2024-2025,2024-12-22,gravedad,106.8,0.8,81.2
C-1037,2024-2025,2024-12-29,gravedad,89.7,0.6,83.6
C-1037,2024-2025,2025-01-05,gravedad,119.9,1.4,76.0
C-1037,2024-2025,2025-01-12,gravedad,105.5,1.1,80.2
C-1037,2024-2025,2025-01-19,gravedad,95.1,1.2,88.4
C-1037,2024-2025,2025-01-26,gravedad,136.3,1.5,89.5
C-1037,2024-2025,2025-02-02,gravedad,121.2,1.3,76.7
C-1037,2024-2025,2025-02-09,gravedad,91.6,1.0,90.8
C-1037,2024-2025,2025-02-16,gravedad,114.1,1.0,63.6
C-1037,2024-2025,2025-02-23,gravedad,143.1,1.4,100.0
C-1037,2024-2025,2025-03-02,gravedad,85.6,0.6,66.8
C-1037,2024-2025,2025-03-09,gravedad,115.3,1.2,75.8
C-1037,2024-2025,2025-03-16,gravedad,86.8,0.8,90.1
C-1038,2024-2025,2024-05-24,aspersión,91.8,0.8,89.7
C-1038,2024-2025,2024-05-31,aspersión,97.2,0.8,100.0
C-1038,2024-2025,2024-06-07,aspersión,117.9,0.9,93.3
C-1038,2024-2025,2024-06-14,aspersión,117.6,1.1,97.4
C-1038,2024-2025,2024-06-21,aspersión,91.4,0.9,100.0
C-1038,2024-2025,2024-06-28,aspersión,107.0,0.8,97.9
C-1038,2024-2025,2024-07-05,aspersión,139.9,1.3,94.2
C-1038,2024-2025,2024-07-12,aspersión,98.1,1.1,100.0
C-1038,2024-2025,2024-07-19,aspersión,91.6,0.9,100.0
C-1038,2024-2025,2024-07-26,aspersión,82.2,0.6,96.1
C-1038,2024-2025,2024-08-02,aspersión,95.6,0.9,100.0
C-1038,2024-2025,2024-08-09,aspersión,116.8,1.4,97.7
C-1038,2024-2025,2024-08-16,aspersión,80.0,0.9,100.0
C-1038,2024-2025,2024-08-23,aspersión,122.1,1.0,98.9
C-1038,2024-2025,2024-08-30,aspersión,104.9,1.2,88.2
C-1038,2024-2025,2024-09-06,aspersión,113.6,1.0,91.5
C-1038,2024-2025,2024-09-13,aspersión,70.3,0.5,100.0
C-1038,2024-2025,2024-09-20,aspersión,128.0,1.0,100.0
C-1038,2024-2025,2024-09-27,aspersión,101.7,0.8,96.4
C-1038,2024-2025,2024-10-04,aspersión,94.4,1.0,83.5
C-1038,2024-2025,2024-10-11,aspersión,122.1,1.1,97.6
C-1038,2024-2025,2024-10-18,aspersión,92.5,0.7,90.6
C-1038,2024-2025,2024-10-25,aspersión,99.2,0.8,100.0
C-1038,2024-2025,2024-11-01,aspersión,76.8,0.9,91.7
C-1038,2024-2025,2024-11-08,aspersión,117.5,1.3,94.9
C-1038,2024-2025,2024-11-15,aspersión,103.4,0.9,100.0
C-1038,2024-2025,2024-11-22,aspersión,110.7,1.0,78.7
C-1038,2024-2025,2024-11-29,aspersión,101.3,0.8,100.0
C-1038,2024-2025,2024-12-06,aspersión,74.0,0.8,90.4
C-1038,2024-2025,2024-12-13,aspersión,128.6,1.2,93.9
C-1038,2024-2025,2024-12-20,aspersión,102.8,1.0,91.3
C-1038,2024-2025,2024-12-27,aspersión,102.9,1.0,84.5
C-1038,2024-2025,2025-01-03,aspersión,96.5,0.8,88.4
C-1038,2024-2025,2025-01-10,aspersión,105.8,0.8,100.0
C-1038,2024-2025,2025-01-17,aspersión,98.8,0.8,100.0
C-1038,2024-2025,2025-01-24,aspersión,82.0,0.7,100.0
C-1038,2024-2025,2025-01-31,aspersión,98.9,0.7,98.9
C-1038,2024-2025,2025-02-07,aspersión,115.3,1.2,94.0
C-1038,2024-2025,2025-02-14,aspersión,104.4,1.0,93.3
C-1038,2024-2025,2025-02-21,aspersión,104.5,0.9,99.5
C-1038,2024-2025,2025-02-28,aspersión,77.3,0.8,93.8
C-1038,2024-2025,2025-03-07,aspersión,118.1,1.0,95.0
C-1038,2024-2025,2025-03-14,aspersión,120.9,1.0,100.0
C-1038,2024-2025,2025-03-21,aspersión,114.0,1.2,99.9
C-1038,2024-2025,2025-03-28,aspersión,92.2,0.9,94.5
C-1038,2024-2025,2025-04-04,aspersión,125.1,1.0,100.0
C-1038,2024-2025,2025-04-11,aspersión,114.0,0.9,97.6
C-1038,2024-2025,2025-04-18,aspersión,101.9,0.7,94.7
C-1038,2024-2025,2025-04-25,aspersión,100.4,0.9,100.0
C-1038,2024-2025,2025-05-02,aspersión,100.8,0.9,98.7
C-1038,2024-2025,2025-05-09,aspersión,98.7,1.1,89.5
C-1039,2024-2025,2024-03-08,aspersión,86.9,0.9,82.8
C-1039,2024-2025,2024-03-15,aspersión,87.6,1.0,95.5
C-1039,2024-2025,2024-03-22,aspersión,112.2,1.2,79.1
C-1039,2024-2025,2024-03-29,aspersión,120.1,1.5,81.0
C-1039,2024-2025,2024-04-05,aspersión,104.6,0.8,78.5
C-1039,2024-2025,2024-04-12,aspersión,97.5,0.9,73.8
C-1039,2024-2025,2024-04-19,aspersión,94.6,0.8,75.2
C-1039,2024-2025,2024-04-26,aspersión,86.4,0.7,80.5
C-1039,2024-2025,2024-05-03,aspersión,85.2,1.0,73.9
C-1039,2024-2025,2024-05-10,aspersión,100.5,0.9,82.5
C-1039,2024-2025,2024-05-17,aspersión,91.6,0.9,66.9
C-1039,2024-2025,2024-05-24,aspersión,102.0,0.9,82.1
C-1039,2024-2025,2024-05-31,aspersión,92.7,0.9,96.3
C-1039,2024-2025,2024-06-07,aspersión,108.2,1.0,87.6
C-1039,2024-2025,2024-06-14,aspersión,130.9,1.0,73.9
C-1039,2024-2025,2024-06-21,aspersión,98.4,0.8,93.0
C-1039,2024-2025,2024-06-28,aspersión,80.9,0.6,76.2
C-1039,2024-2025,2024-07-05,aspersión,86.7,0.8,83.9
C-1039,2024-2025,2024-07-12,aspersión,86.5,0.7,68.1
C-1039,2024-2025,2024-07-19,aspersión,76.7,0.7,90.9
C-1039,2024-2025,2024-07-26,aspersión,86.5,0.7,77.4
C-1039,2024-2025,2024-08-02,aspersión,91.1,0.8,91.0
C-1039,2024-2025,2024-08-09,aspersión,124.1,0.9,80.3
C-1039,2024-2025,2024-08-16,aspersión,112.3,0.8,87.6
C-1039,2024-2025,2024-08-23,aspersión,111.7,1.4,85.5
C-1039,2024-2025,2024-08-30,aspersión,102.2,1.1,98.7
C-1039,2024-2025,2024-09-06,aspersión,93.5,0.9,75.7
C-1039,2024-2025,2024-09-13,aspersión,108.3,0.8,81.1
C-1039,2024-2025,2024-09-20,aspersión,95.9,0.8,85.3
C-1039,2024-2025,2024-09-27,aspersión,130.7,1.4,79.6
C-1039,2024-2025,2024-10-04,aspersión,108.8,1.2,94.6
C-1039,2024-2025,2024-10-11,aspersión,96.8,0.9,68.8
C-1039,2024-2025,2024-10-18,aspersión,71.5,0.6,86.1
C-1039,2024-2025,2024-10-25,aspersión,75.1,0.7,83.3
C-1039,2024-2025,2024-11-01,aspersión,91.0,1.1,88.1
C-1039,2024-2025,2024-11-08,aspersión,83.0,0.7,92.6
C-1039,2024-2025,2024-11-15,aspersión,99.4,1.1,88.2
C-1039,2024-2025,2024-11-22,aspersión,94.5,1.1,76.6
C-1039,2024-2025,2024-11-29,aspersión,123.7,1.0,95.5
C-1039,2024-2025,2024-12-06,aspersión,91.7,0.7,89.0
C-1039,2024-2025,2024-12-13,aspersión,110.7,1.2,91.7
C-1039,2024-2025,2024-12-20,aspersión,120.6,1.5,83.4
C-1039,2024-2025,2024-12-27,aspersión,87.0,0.9,96.8
C-1039,2024-2025,2025-01-03,aspersión,80.2,1.0,96.0
C-1039,2024-2025,2025-01-10,aspersión,103.3,1.2,79.5
C-1039,2024-2025,2025-01-17,aspersión,96.2,0.8,84.2
C-1039,2024-2025,2025-01-24,aspersión,69.3,0.5,85.7
C-1039,2024-2025,2025-01-31,aspersión,93.6,0.7,75.9
C-1040,2024-2025,2024-05-15,goteo,62.2,0.6,96.4
C-1040,2024-2025,2024-05-22,goteo,92.2,0.7,75.5
C-1040,2024-2025,2024-05-29,goteo,80.2,0.8,68.6
C-1040,2024-2025,2024-06-05,goteo,79.8,0.6,95.1
C-1040,2024-2025,2024-06-12,goteo,72.6,0.7,69.7
C-1040,2024-2025,2024-06-19,goteo,63.8,0.6,88.5
C-1040,2024-2025,2024-06-26,goteo,64.6,0.6,68.8
C-1040,2024-2025,2024-07-03,goteo,73.4,0.6,76.3
C-1040,2024-2025,2024-07-10,goteo,72.6,0.6,74.6
C-1040,2024-2025,2024-07-17,goteo,95.3,0.8,71.8
C-1040,2024-2025,2024-07-24,goteo,71.9,0.6,71.7
C-1040,2024-2025,2024-07-31,goteo,90.8,1.0,94.9
C-1040,2024-2025,2024-08-07,goteo,74.3,0.9,84.9
C-1040,2024-2025,2024-08-14,goteo,45.2,0.4,79.4
C-1040,2024-2025,2024-08-21,goteo,92.2,0.9,70.7
C-1040,2024-2025,2024-08-28,goteo,89.5,0.9,72.6
C-1040,2024-2025,2024-09-04,goteo,77.6,1.0,92.1
C-1040,2024-2025,2024-09-11,goteo,79.3,0.9,87.0
C-1040,2024-2025,2024-09-18,goteo,87.8,0.7,91.2
C-1040,2024-2025,2024-09-25,goteo,82.3,1.0,89.7
C-1040,2024-2025,2024-10-02,goteo,74.4,0.7,93.6
C-1040,2024-2025,2024-10-09,goteo,93.8,1.1,76.2
C-1040,2024-2025,2024-10-16,goteo,92.0,1.0,82.3
C-1040,2024-2025,2024-10-23,goteo,71.8,0.7,79.6
C-1040,2024-2025,2024-10-30,goteo,67.9,0.8,81.9
C-1040,2024-2025,2024-11-06,goteo,71.2,0.6,90.1
C-1040,2024-2025,2024-11-13,goteo,86.4,0.7,85.9
C-1040,2024-2025,2024-11-20,goteo,76.3,0.7,85.2
C-1040,2024-2025,2024-11-27,goteo,77.1,0.9,91.5
C-1040,2024-2025,2024-12-04,goteo,83.5,0.8,81.1
C-1040,2024-2025,2024-12-11,goteo,64.1,0.7,72.8
C-1040,2024-2025,2024-12-18,goteo,74.9,0.9,75.5
C-1040,2024-2025,2024-12-25,goteo,72.6,0.5,74.5
C-1040,2024-2025,2025-01-01,goteo,71.6,0.5,85.1
C-1040,2024-2025,2025-01-08,goteo,69.1,0.6,79.6
C-1040,2024-2025,2025-01-15,goteo,66.7,0.5,87.9
C-1040,2024-2025,2025-01-22,goteo,70.7,0.7,79.5
C-1040,2024-2025,2025-01-29,goteo,76.8,0.6,79.5
C-1040,2024-2025,2025-02-05,goteo,85.2,0.7,97.7
C-1040,2024-2025,2025-02-12,goteo,89.6,0.7,100.0
C-1040,2024-2025,2025-02-19,goteo,84.0,0.8,87.6
C-1040,2024-2025,2025-02-26,goteo,69.1,0.8,74.6
C-1040,2024-2025,2025-03-05,goteo,79.9,1.0,74.3
C-1040,2024-2025,2025-03-12,goteo,80.1,0.6,64.4
C-1040,2024-2025,2025-03-19,goteo,59.0,0.6,72.8
C-1040,2024-2025,2025-03-26,goteo,80.1,0.6,88.3
C-1040,2024-2025,2025-04-02,goteo,83.9,0.8,84.7
C-1040,2024-2025,2025-04-09,goteo,77.8,0.6,87.2
C-1040,2024-2025,2025-04-16,goteo,79.7,0.8,61.1
C-1040,2024-2025,2025-04-23,goteo,72.1,0.6,89.0
C-1040,2024-2025,2025-04-30,goteo,93.2,0.7,91.1
C-1040,2024-2025,2025-05-07,goteo,62.2,0.6,77.9
C-1040,2024-2025,2025-05-14,goteo,71.8,0.6,85.0
C-1040,2024-2025,2025-05-21,goteo,83.1,0.6,76.3
C-1040,2024-2025,2025-05-28,goteo,75.0,0.6,93.3
C-1040,2024-2025,2025-06-04,goteo,43.4,0.3,79.9
